supplier_id,supplier_name,supplier_type,country,city,address,contact,contract_number,contract_date,payment_terms,delivery_days,supplier_rating,status
1,SOKOLOV,Производитель,Россия,Кострома,"ул. Поставщиков, 1",+375 (29) 100-10-10,CNT-BY-000001,2020-01-01,Предоплата 100%,2,4.0,Активен
2,SUNLIGHT,Поставщик,Россия,Москва,"ул. Поставщиков, 2",+375 (29) 107-13-21,CNT-BY-000002,2021-02-02,Постоплата 30 дней,3,4.01,Активен
3,585*ЗОЛОТОЙ,Импортёр,Россия,Санкт-Петербург,"ул. Поставщиков, 3",+375 (29) 114-16-32,CNT-BY-000003,2022-03-03,Отсрочка 60 дней,4,4.02,Активен
4,MIUZ Diamonds,Дистрибьютор,Россия,Москва,"ул. Поставщиков, 4",+375 (29) 121-19-43,CNT-BY-000004,2023-04-04,Частичная предоплата,5,4.03,Активен
5,Адамас,Производитель,Россия,Москва,"ул. Поставщиков, 5",+375 (29) 128-22-54,CNT-BY-000005,2024-05-05,Предоплата 100%,6,4.04,Активен
6,Московский ювелирный завод,Поставщик,Россия,Москва,"ул. Поставщиков, 6",+375 (29) 135-25-65,CNT-BY-000006,2025-06-06,Постоплата 30 дней,7,4.05,Активен
7,ЭСТЕТ,Импортёр,Россия,Москва,"ул. Поставщиков, 7",+375 (29) 142-28-76,CNT-BY-000007,2020-07-07,Отсрочка 60 дней,8,4.06,Активен
8,Бронницкий ювелир,Дистрибьютор,Россия,Бронницы,"ул. Поставщиков, 8",+375 (29) 149-31-87,CNT-BY-000008,2021-08-08,Частичная предоплата,9,4.07,Активен
9,Красцветмет,Производитель,Россия,Красноярск,"ул. Поставщиков, 9",+375 (29) 156-34-98,CNT-BY-000009,2022-09-09,Предоплата 100%,10,4.08,Активен
10,Pandora,Поставщик,Дания,Копенгаген,"ул. Поставщиков, 10",+375 (29) 163-37-19,CNT-BY-000010,2023-10-10,Постоплата 30 дней,11,4.09,Активен
11,Swarovski,Импортёр,Австрия,Ваттенс,"ул. Поставщиков, 11",+375 (29) 170-40-30,CNT-BY-000011,2024-11-11,Отсрочка 60 дней,12,4.1,Активен
12,Tiffany & Co.,Дистрибьютор,США,Нью-Йорк,"ул. Поставщиков, 12",+375 (29) 177-43-41,CNT-BY-000012,2025-12-12,Частичная предоплата,13,4.11,Активен
13,Cartier,Производитель,Франция,Париж,"ул. Поставщиков, 13",+375 (29) 184-46-52,CNT-BY-000013,2020-01-13,Предоплата 100%,14,4.12,Активен
14,Bvlgari,Поставщик,Италия,Рим,"ул. Поставщиков, 14",+375 (29) 191-49-63,CNT-BY-000014,2021-02-14,Постоплата 30 дней,15,4.13,Активен
15,Chopard,Импортёр,Швейцария,Женева,"ул. Поставщиков, 15",+375 (29) 198-52-74,CNT-BY-000015,2022-03-15,Отсрочка 60 дней,2,4.14,Активен
16,Messika,Дистрибьютор,Франция,Париж,"ул. Поставщиков, 16",+375 (29) 205-55-85,CNT-BY-000016,2023-04-16,Частичная предоплата,3,4.15,Активен
17,Злата,Производитель,Беларусь,Минск,"ул. Поставщиков, 17",+375 (29) 212-58-96,CNT-BY-000017,2024-05-17,Предоплата 100%,4,4.16,Активен
18,Ювелирный завод «Кристалл»,Поставщик,Беларусь,Гомель,"ул. Поставщиков, 18",+375 (29) 219-61-17,CNT-BY-000018,2025-06-18,Постоплата 30 дней,5,4.17,Активен
19,БелЮвелир,Импортёр,Беларусь,Минск,"ул. Поставщиков, 19",+375 (29) 226-64-28,CNT-BY-000019,2020-07-19,Отсрочка 60 дней,6,4.18,Активен
20,Золотая Лінія,Дистрибьютор,Беларусь,Минск,"ул. Поставщиков, 20",+375 (29) 233-67-39,CNT-BY-000020,2021-08-20,Частичная предоплата,7,4.19,Активен
21,Адамант,Производитель,Беларусь,Минск,"ул. Поставщиков, 21",+375 (29) 240-70-50,CNT-BY-000021,2022-09-21,Предоплата 100%,8,4.2,Активен
22,Ювелирная мастерская «Скарбніца»,Поставщик,Беларусь,Минск,"ул. Поставщиков, 22",+375 (29) 247-73-61,CNT-BY-000022,2023-10-22,Постоплата 30 дней,9,4.21,Активен
23,SOKOLOV — филиал 2,Импортёр,Россия,Кострома,"ул. Поставщиков, 23",+375 (29) 254-76-72,CNT-BY-000023,2024-11-23,Отсрочка 60 дней,10,4.22,Активен
24,SUNLIGHT — филиал 2,Дистрибьютор,Россия,Москва,"ул. Поставщиков, 24",+375 (29) 261-79-83,CNT-BY-000024,2025-12-24,Частичная предоплата,11,4.23,Активен
25,585*ЗОЛОТОЙ — филиал 2,Производитель,Россия,Санкт-Петербург,"ул. Поставщиков, 25",+375 (29) 268-82-94,CNT-BY-000025,2020-01-25,Предоплата 100%,12,4.24,Активен
26,MIUZ Diamonds — филиал 2,Поставщик,Россия,Москва,"ул. Поставщиков, 26",+375 (29) 275-85-15,CNT-BY-000026,2021-02-26,Постоплата 30 дней,13,4.25,Активен
27,Адамас — филиал 2,Импортёр,Россия,Москва,"ул. Поставщиков, 27",+375 (29) 282-88-26,CNT-BY-000027,2022-03-27,Отсрочка 60 дней,14,4.26,Активен
28,Московский ювелирный завод — филиал 2,Дистрибьютор,Россия,Москва,"ул. Поставщиков, 28",+375 (29) 289-91-37,CNT-BY-000028,2023-04-28,Частичная предоплата,15,4.27,Активен
29,ЭСТЕТ — филиал 2,Производитель,Россия,Москва,"ул. Поставщиков, 29",+375 (29) 296-94-48,CNT-BY-000029,2024-05-01,Предоплата 100%,2,4.28,Активен
30,Бронницкий ювелир — филиал 2,Поставщик,Россия,Бронницы,"ул. Поставщиков, 30",+375 (29) 303-97-59,CNT-BY-000030,2025-06-02,Постоплата 30 дней,3,4.29,Активен
31,Красцветмет — филиал 2,Импортёр,Россия,Красноярск,"ул. Поставщиков, 31",+375 (29) 310-10-70,CNT-BY-000031,2020-07-03,Отсрочка 60 дней,4,4.3,Активен
32,Pandora — филиал 2,Дистрибьютор,Дания,Копенгаген,"ул. Поставщиков, 32",+375 (29) 317-13-81,CNT-BY-000032,2021-08-04,Частичная предоплата,5,4.31,Активен
33,Swarovski — филиал 2,Производитель,Австрия,Ваттенс,"ул. Поставщиков, 33",+375 (29) 324-16-92,CNT-BY-000033,2022-09-05,Предоплата 100%,6,4.32,Активен
34,Tiffany & Co. — филиал 2,Поставщик,США,Нью-Йорк,"ул. Поставщиков, 34",+375 (29) 331-19-13,CNT-BY-000034,2023-10-06,Постоплата 30 дней,7,4.33,Активен
35,Cartier — филиал 2,Импортёр,Франция,Париж,"ул. Поставщиков, 35",+375 (29) 338-22-24,CNT-BY-000035,2024-11-07,Отсрочка 60 дней,8,4.34,Активен
36,Bvlgari — филиал 2,Дистрибьютор,Италия,Рим,"ул. Поставщиков, 36",+375 (29) 345-25-35,CNT-BY-000036,2025-12-08,Частичная предоплата,9,4.35,Активен
37,Chopard — филиал 2,Производитель,Швейцария,Женева,"ул. Поставщиков, 37",+375 (29) 352-28-46,CNT-BY-000037,2020-01-09,Предоплата 100%,10,4.36,Активен
38,Messika — филиал 2,Поставщик,Франция,Париж,"ул. Поставщиков, 38",+375 (29) 359-31-57,CNT-BY-000038,2021-02-10,Постоплата 30 дней,11,4.37,Активен
39,Злата — филиал 2,Импортёр,Беларусь,Минск,"ул. Поставщиков, 39",+375 (29) 366-34-68,CNT-BY-000039,2022-03-11,Отсрочка 60 дней,12,4.38,Активен
40,Ювелирный завод «Кристалл» — филиал 2,Дистрибьютор,Беларусь,Гомель,"ул. Поставщиков, 40",+375 (29) 373-37-79,CNT-BY-000040,2023-04-12,Частичная предоплата,13,4.39,Активен
41,БелЮвелир — филиал 2,Производитель,Беларусь,Минск,"ул. Поставщиков, 41",+375 (29) 380-40-90,CNT-BY-000041,2024-05-13,Предоплата 100%,14,4.4,Активен
42,Золотая Лінія — филиал 2,Поставщик,Беларусь,Минск,"ул. Поставщиков, 42",+375 (29) 387-43-11,CNT-BY-000042,2025-06-14,Постоплата 30 дней,15,4.41,Активен
43,Адамант — филиал 2,Импортёр,Беларусь,Минск,"ул. Поставщиков, 43",+375 (29) 394-46-22,CNT-BY-000043,2020-07-15,Отсрочка 60 дней,2,4.42,Активен
44,Ювелирная мастерская «Скарбніца» — филиал 2,Дистрибьютор,Беларусь,Минск,"ул. Поставщиков, 44",+375 (29) 401-49-33,CNT-BY-000044,2021-08-16,Частичная предоплата,3,4.43,Активен
45,SOKOLOV — филиал 3,Производитель,Россия,Кострома,"ул. Поставщиков, 45",+375 (29) 408-52-44,CNT-BY-000045,2022-09-17,Предоплата 100%,4,4.44,Активен
46,SUNLIGHT — филиал 3,Поставщик,Россия,Москва,"ул. Поставщиков, 46",+375 (29) 415-55-55,CNT-BY-000046,2023-10-18,Постоплата 30 дней,5,4.45,Активен
47,585*ЗОЛОТОЙ — филиал 3,Импортёр,Россия,Санкт-Петербург,"ул. Поставщиков, 47",+375 (29) 422-58-66,CNT-BY-000047,2024-11-19,Отсрочка 60 дней,6,4.46,Активен
48,MIUZ Diamonds — филиал 3,Дистрибьютор,Россия,Москва,"ул. Поставщиков, 48",+375 (29) 429-61-77,CNT-BY-000048,2025-12-20,Частичная предоплата,7,4.47,Активен
49,Адамас — филиал 3,Производитель,Россия,Москва,"ул. Поставщиков, 49",+375 (29) 436-64-88,CNT-BY-000049,2020-01-21,Предоплата 100%,8,4.48,Активен
50,Московский ювелирный завод — филиал 3,Поставщик,Россия,Москва,"ул. Поставщиков, 50",+375 (29) 443-67-99,CNT-BY-000050,2021-02-22,Постоплата 30 дней,9,4.49,Активен
51,ЭСТЕТ — филиал 3,Импортёр,Россия,Москва,"ул. Поставщиков, 51",+375 (29) 450-70-20,CNT-BY-000051,2022-03-23,Отсрочка 60 дней,10,4.5,Активен
52,Бронницкий ювелир — филиал 3,Дистрибьютор,Россия,Бронницы,"ул. Поставщиков, 52",+375 (29) 457-73-31,CNT-BY-000052,2023-04-24,Частичная предоплата,11,4.51,Активен
53,Красцветмет — филиал 3,Производитель,Россия,Красноярск,"ул. Поставщиков, 53",+375 (29) 464-76-42,CNT-BY-000053,2024-05-25,Предоплата 100%,12,4.52,Активен
54,Pandora — филиал 3,Поставщик,Дания,Копенгаген,"ул. Поставщиков, 54",+375 (29) 471-79-53,CNT-BY-000054,2025-06-26,Постоплата 30 дней,13,4.53,Активен
55,Swarovski — филиал 3,Импортёр,Австрия,Ваттенс,"ул. Поставщиков, 55",+375 (29) 478-82-64,CNT-BY-000055,2020-07-27,Отсрочка 60 дней,14,4.54,Активен
56,Tiffany & Co. — филиал 3,Дистрибьютор,США,Нью-Йорк,"ул. Поставщиков, 56",+375 (29) 485-85-75,CNT-BY-000056,2021-08-28,Частичная предоплата,15,4.55,Активен
57,Cartier — филиал 3,Производитель,Франция,Париж,"ул. Поставщиков, 57",+375 (29) 492-88-86,CNT-BY-000057,2022-09-01,Предоплата 100%,2,4.56,Активен
58,Bvlgari — филиал 3,Поставщик,Италия,Рим,"ул. Поставщиков, 58",+375 (29) 499-91-97,CNT-BY-000058,2023-10-02,Постоплата 30 дней,3,4.57,Активен
59,Chopard — филиал 3,Импортёр,Швейцария,Женева,"ул. Поставщиков, 59",+375 (29) 506-94-18,CNT-BY-000059,2024-11-03,Отсрочка 60 дней,4,4.58,Активен
60,Messika — филиал 3,Дистрибьютор,Франция,Париж,"ул. Поставщиков, 60",+375 (29) 513-97-29,CNT-BY-000060,2025-12-04,Частичная предоплата,5,4.59,Активен
61,Злата — филиал 3,Производитель,Беларусь,Минск,"ул. Поставщиков, 61",+375 (29) 520-10-40,CNT-BY-000061,2020-01-05,Предоплата 100%,6,4.6,Активен
62,Ювелирный завод «Кристалл» — филиал 3,Поставщик,Беларусь,Гомель,"ул. Поставщиков, 62",+375 (29) 527-13-51,CNT-BY-000062,2021-02-06,Постоплата 30 дней,7,4.61,Активен
63,БелЮвелир — филиал 3,Импортёр,Беларусь,Минск,"ул. Поставщиков, 63",+375 (29) 534-16-62,CNT-BY-000063,2022-03-07,Отсрочка 60 дней,8,4.62,Активен
64,Золотая Лінія — филиал 3,Дистрибьютор,Беларусь,Минск,"ул. Поставщиков, 64",+375 (29) 541-19-73,CNT-BY-000064,2023-04-08,Частичная предоплата,9,4.63,Активен
65,Адамант — филиал 3,Производитель,Беларусь,Минск,"ул. Поставщиков, 65",+375 (29) 548-22-84,CNT-BY-000065,2024-05-09,Предоплата 100%,10,4.64,Активен
66,Ювелирная мастерская «Скарбніца» — филиал 3,Поставщик,Беларусь,Минск,"ул. Поставщиков, 66",+375 (29) 555-25-95,CNT-BY-000066,2025-06-10,Постоплата 30 дней,11,4.65,Активен
67,SOKOLOV — филиал 4,Импортёр,Россия,Кострома,"ул. Поставщиков, 67",+375 (29) 562-28-16,CNT-BY-000067,2020-07-11,Отсрочка 60 дней,12,4.66,Активен
68,SUNLIGHT — филиал 4,Дистрибьютор,Россия,Москва,"ул. Поставщиков, 68",+375 (29) 569-31-27,CNT-BY-000068,2021-08-12,Частичная предоплата,13,4.67,Активен
69,585*ЗОЛОТОЙ — филиал 4,Производитель,Россия,Санкт-Петербург,"ул. Поставщиков, 69",+375 (29) 576-34-38,CNT-BY-000069,2022-09-13,Предоплата 100%,14,4.68,Активен
70,MIUZ Diamonds — филиал 4,Поставщик,Россия,Москва,"ул. Поставщиков, 70",+375 (29) 583-37-49,CNT-BY-000070,2023-10-14,Постоплата 30 дней,15,4.69,Активен
71,Адамас — филиал 4,Импортёр,Россия,Москва,"ул. Поставщиков, 71",+375 (29) 590-40-60,CNT-BY-000071,2024-11-15,Отсрочка 60 дней,2,4.7,Активен
72,Московский ювелирный завод — филиал 4,Дистрибьютор,Россия,Москва,"ул. Поставщиков, 72",+375 (29) 597-43-71,CNT-BY-000072,2025-12-16,Частичная предоплата,3,4.71,Активен
73,ЭСТЕТ — филиал 4,Производитель,Россия,Москва,"ул. Поставщиков, 73",+375 (29) 604-46-82,CNT-BY-000073,2020-01-17,Предоплата 100%,4,4.72,Активен
74,Бронницкий ювелир — филиал 4,Поставщик,Россия,Бронницы,"ул. Поставщиков, 74",+375 (29) 611-49-93,CNT-BY-000074,2021-02-18,Постоплата 30 дней,5,4.73,Активен
75,Красцветмет — филиал 4,Импортёр,Россия,Красноярск,"ул. Поставщиков, 75",+375 (29) 618-52-14,CNT-BY-000075,2022-03-19,Отсрочка 60 дней,6,4.74,Активен
76,Pandora — филиал 4,Дистрибьютор,Дания,Копенгаген,"ул. Поставщиков, 76",+375 (29) 625-55-25,CNT-BY-000076,2023-04-20,Частичная предоплата,7,4.75,Активен
77,Swarovski — филиал 4,Производитель,Австрия,Ваттенс,"ул. Поставщиков, 77",+375 (29) 632-58-36,CNT-BY-000077,2024-05-21,Предоплата 100%,8,4.76,Активен
78,Tiffany & Co. — филиал 4,Поставщик,США,Нью-Йорк,"ул. Поставщиков, 78",+375 (29) 639-61-47,CNT-BY-000078,2025-06-22,Постоплата 30 дней,9,4.77,Активен
79,Cartier — филиал 4,Импортёр,Франция,Париж,"ул. Поставщиков, 79",+375 (29) 646-64-58,CNT-BY-000079,2020-07-23,Отсрочка 60 дней,10,4.78,Активен
80,Bvlgari — филиал 4,Дистрибьютор,Италия,Рим,"ул. Поставщиков, 80",+375 (29) 653-67-69,CNT-BY-000080,2021-08-24,Частичная предоплата,11,4.79,Активен
81,Chopard — филиал 4,Производитель,Швейцария,Женева,"ул. Поставщиков, 81",+375 (29) 660-70-80,CNT-BY-000081,2022-09-25,Предоплата 100%,12,4.8,Активен
82,Messika — филиал 4,Поставщик,Франция,Париж,"ул. Поставщиков, 82",+375 (29) 667-73-91,CNT-BY-000082,2023-10-26,Постоплата 30 дней,13,4.81,Активен
83,Злата — филиал 4,Импортёр,Беларусь,Минск,"ул. Поставщиков, 83",+375 (29) 674-76-12,CNT-BY-000083,2024-11-27,Отсрочка 60 дней,14,4.82,Активен
84,Ювелирный завод «Кристалл» — филиал 4,Дистрибьютор,Беларусь,Гомель,"ул. Поставщиков, 84",+375 (29) 681-79-23,CNT-BY-000084,2025-12-28,Частичная предоплата,15,4.83,Активен
85,БелЮвелир — филиал 4,Производитель,Беларусь,Минск,"ул. Поставщиков, 85",+375 (29) 688-82-34,CNT-BY-000085,2020-01-01,Предоплата 100%,2,4.84,Активен
86,Золотая Лінія — филиал 4,Поставщик,Беларусь,Минск,"ул. Поставщиков, 86",+375 (29) 695-85-45,CNT-BY-000086,2021-02-02,Постоплата 30 дней,3,4.85,Активен
87,Адамант — филиал 4,Импортёр,Беларусь,Минск,"ул. Поставщиков, 87",+375 (29) 702-88-56,CNT-BY-000087,2022-03-03,Отсрочка 60 дней,4,4.86,Активен
88,Ювелирная мастерская «Скарбніца» — филиал 4,Дистрибьютор,Беларусь,Минск,"ул. Поставщиков, 88",+375 (29) 709-91-67,CNT-BY-000088,2023-04-04,Частичная предоплата,5,4.87,Активен
89,SOKOLOV — филиал 5,Производитель,Россия,Кострома,"ул. Поставщиков, 89",+375 (29) 716-94-78,CNT-BY-000089,2024-05-05,Предоплата 100%,6,4.88,Активен
90,SUNLIGHT — филиал 5,Поставщик,Россия,Москва,"ул. Поставщиков, 90",+375 (29) 723-97-89,CNT-BY-000090,2025-06-06,Постоплата 30 дней,7,4.89,Активен
91,585*ЗОЛОТОЙ — филиал 5,Импортёр,Россия,Санкт-Петербург,"ул. Поставщиков, 91",+375 (29) 730-10-10,CNT-BY-000091,2020-07-07,Отсрочка 60 дней,8,4.9,Активен
92,MIUZ Diamonds — филиал 5,Дистрибьютор,Россия,Москва,"ул. Поставщиков, 92",+375 (29) 737-13-21,CNT-BY-000092,2021-08-08,Частичная предоплата,9,4.91,Активен
93,Адамас — филиал 5,Производитель,Россия,Москва,"ул. Поставщиков, 93",+375 (29) 744-16-32,CNT-BY-000093,2022-09-09,Предоплата 100%,10,4.92,Активен
94,Московский ювелирный завод — филиал 5,Поставщик,Россия,Москва,"ул. Поставщиков, 94",+375 (29) 751-19-43,CNT-BY-000094,2023-10-10,Постоплата 30 дней,11,4.93,Активен
95,ЭСТЕТ — филиал 5,Импортёр,Россия,Москва,"ул. Поставщиков, 95",+375 (29) 758-22-54,CNT-BY-000095,2024-11-11,Отсрочка 60 дней,12,4.94,Активен
96,Бронницкий ювелир — филиал 5,Дистрибьютор,Россия,Бронницы,"ул. Поставщиков, 96",+375 (29) 765-25-65,CNT-BY-000096,2025-12-12,Частичная предоплата,13,4.95,Активен
97,Красцветмет — филиал 5,Производитель,Россия,Красноярск,"ул. Поставщиков, 97",+375 (29) 772-28-76,CNT-BY-000097,2020-01-13,Предоплата 100%,14,4.96,Активен
98,Pandora — филиал 5,Поставщик,Дания,Копенгаген,"ул. Поставщиков, 98",+375 (29) 779-31-87,CNT-BY-000098,2021-02-14,Постоплата 30 дней,15,4.97,Активен
99,Swarovski — филиал 5,Импортёр,Австрия,Ваттенс,"ул. Поставщиков, 99",+375 (29) 786-34-98,CNT-BY-000099,2022-03-15,Отсрочка 60 дней,2,4.98,Активен
100,Tiffany & Co. — филиал 5,Дистрибьютор,США,Нью-Йорк,"ул. Поставщиков, 100",+375 (29) 793-37-19,CNT-BY-000100,2023-04-16,Частичная предоплата,3,4.99,Активен
101,Cartier — филиал 5,Производитель,Франция,Париж,"ул. Поставщиков, 101",+375 (29) 800-40-30,CNT-BY-000101,2024-05-17,Предоплата 100%,4,4.0,Активен
102,Bvlgari — филиал 5,Поставщик,Италия,Рим,"ул. Поставщиков, 102",+375 (29) 807-43-41,CNT-BY-000102,2025-06-18,Постоплата 30 дней,5,4.01,Активен
103,Chopard — филиал 5,Импортёр,Швейцария,Женева,"ул. Поставщиков, 103",+375 (29) 814-46-52,CNT-BY-000103,2020-07-19,Отсрочка 60 дней,6,4.02,Активен
104,Messika — филиал 5,Дистрибьютор,Франция,Париж,"ул. Поставщиков, 104",+375 (29) 821-49-63,CNT-BY-000104,2021-08-20,Частичная предоплата,7,4.03,Активен
105,Злата — филиал 5,Производитель,Беларусь,Минск,"ул. Поставщиков, 105",+375 (29) 828-52-74,CNT-BY-000105,2022-09-21,Предоплата 100%,8,4.04,Активен
106,Ювелирный завод «Кристалл» — филиал 5,Поставщик,Беларусь,Гомель,"ул. Поставщиков, 106",+375 (29) 835-55-85,CNT-BY-000106,2023-10-22,Постоплата 30 дней,9,4.05,Активен
107,БелЮвелир — филиал 5,Импортёр,Беларусь,Минск,"ул. Поставщиков, 107",+375 (29) 842-58-96,CNT-BY-000107,2024-11-23,Отсрочка 60 дней,10,4.06,Активен
108,Золотая Лінія — филиал 5,Дистрибьютор,Беларусь,Минск,"ул. Поставщиков, 108",+375 (29) 849-61-17,CNT-BY-000108,2025-12-24,Частичная предоплата,11,4.07,Активен
109,Адамант — филиал 5,Производитель,Беларусь,Минск,"ул. Поставщиков, 109",+375 (29) 856-64-28,CNT-BY-000109,2020-01-25,Предоплата 100%,12,4.08,Активен
110,Ювелирная мастерская «Скарбніца» — филиал 5,Поставщик,Беларусь,Минск,"ул. Поставщиков, 110",+375 (29) 863-67-39,CNT-BY-000110,2021-02-26,Постоплата 30 дней,13,4.09,Активен
111,SOKOLOV — филиал 6,Импортёр,Россия,Кострома,"ул. Поставщиков, 111",+375 (29) 870-70-50,CNT-BY-000111,2022-03-27,Отсрочка 60 дней,14,4.1,Активен
112,SUNLIGHT — филиал 6,Дистрибьютор,Россия,Москва,"ул. Поставщиков, 112",+375 (29) 877-73-61,CNT-BY-000112,2023-04-28,Частичная предоплата,15,4.11,Активен
113,585*ЗОЛОТОЙ — филиал 6,Производитель,Россия,Санкт-Петербург,"ул. Поставщиков, 113",+375 (29) 884-76-72,CNT-BY-000113,2024-05-01,Предоплата 100%,2,4.12,Активен
114,MIUZ Diamonds — филиал 6,Поставщик,Россия,Москва,"ул. Поставщиков, 114",+375 (29) 891-79-83,CNT-BY-000114,2025-06-02,Постоплата 30 дней,3,4.13,Активен
115,Адамас — филиал 6,Импортёр,Россия,Москва,"ул. Поставщиков, 115",+375 (29) 898-82-94,CNT-BY-000115,2020-07-03,Отсрочка 60 дней,4,4.14,Активен
116,Московский ювелирный завод — филиал 6,Дистрибьютор,Россия,Москва,"ул. Поставщиков, 116",+375 (29) 905-85-15,CNT-BY-000116,2021-08-04,Частичная предоплата,5,4.15,Активен
117,ЭСТЕТ — филиал 6,Производитель,Россия,Москва,"ул. Поставщиков, 117",+375 (29) 912-88-26,CNT-BY-000117,2022-09-05,Предоплата 100%,6,4.16,Активен
118,Бронницкий ювелир — филиал 6,Поставщик,Россия,Бронницы,"ул. Поставщиков, 118",+375 (29) 919-91-37,CNT-BY-000118,2023-10-06,Постоплата 30 дней,7,4.17,Активен
119,Красцветмет — филиал 6,Импортёр,Россия,Красноярск,"ул. Поставщиков, 119",+375 (29) 926-94-48,CNT-BY-000119,2024-11-07,Отсрочка 60 дней,8,4.18,Активен
120,Pandora — филиал 6,Дистрибьютор,Дания,Копенгаген,"ул. Поставщиков, 120",+375 (29) 933-97-59,CNT-BY-000120,2025-12-08,Частичная предоплата,9,4.19,Активен
121,Swarovski — филиал 6,Производитель,Австрия,Ваттенс,"ул. Поставщиков, 121",+375 (29) 940-10-70,CNT-BY-000121,2020-01-09,Предоплата 100%,10,4.2,Активен
122,Tiffany & Co. — филиал 6,Поставщик,США,Нью-Йорк,"ул. Поставщиков, 122",+375 (29) 947-13-81,CNT-BY-000122,2021-02-10,Постоплата 30 дней,11,4.21,Активен
123,Cartier — филиал 6,Импортёр,Франция,Париж,"ул. Поставщиков, 123",+375 (29) 954-16-92,CNT-BY-000123,2022-03-11,Отсрочка 60 дней,12,4.22,Активен
124,Bvlgari — филиал 6,Дистрибьютор,Италия,Рим,"ул. Поставщиков, 124",+375 (29) 961-19-13,CNT-BY-000124,2023-04-12,Частичная предоплата,13,4.23,Активен
125,Chopard — филиал 6,Производитель,Швейцария,Женева,"ул. Поставщиков, 125",+375 (29) 968-22-24,CNT-BY-000125,2024-05-13,Предоплата 100%,14,4.24,Активен
126,Messika — филиал 6,Поставщик,Франция,Париж,"ул. Поставщиков, 126",+375 (29) 975-25-35,CNT-BY-000126,2025-06-14,Постоплата 30 дней,15,4.25,Активен
127,Злата — филиал 6,Импортёр,Беларусь,Минск,"ул. Поставщиков, 127",+375 (29) 982-28-46,CNT-BY-000127,2020-07-15,Отсрочка 60 дней,2,4.26,Активен
128,Ювелирный завод «Кристалл» — филиал 6,Дистрибьютор,Беларусь,Гомель,"ул. Поставщиков, 128",+375 (29) 989-31-57,CNT-BY-000128,2021-08-16,Частичная предоплата,3,4.27,Активен
129,БелЮвелир — филиал 6,Производитель,Беларусь,Минск,"ул. Поставщиков, 129",+375 (29) 996-34-68,CNT-BY-000129,2022-09-17,Предоплата 100%,4,4.28,Активен
130,Золотая Лінія — филиал 6,Поставщик,Беларусь,Минск,"ул. Поставщиков, 130",+375 (29) 103-37-79,CNT-BY-000130,2023-10-18,Постоплата 30 дней,5,4.29,Активен
131,Адамант — филиал 6,Импортёр,Беларусь,Минск,"ул. Поставщиков, 131",+375 (29) 110-40-90,CNT-BY-000131,2024-11-19,Отсрочка 60 дней,6,4.3,Активен
132,Ювелирная мастерская «Скарбніца» — филиал 6,Дистрибьютор,Беларусь,Минск,"ул. Поставщиков, 132",+375 (29) 117-43-11,CNT-BY-000132,2025-12-20,Частичная предоплата,7,4.31,Активен
133,SOKOLOV — филиал 7,Производитель,Россия,Кострома,"ул. Поставщиков, 133",+375 (29) 124-46-22,CNT-BY-000133,2020-01-21,Предоплата 100%,8,4.32,Активен
134,SUNLIGHT — филиал 7,Поставщик,Россия,Москва,"ул. Поставщиков, 134",+375 (29) 131-49-33,CNT-BY-000134,2021-02-22,Постоплата 30 дней,9,4.33,Активен
135,585*ЗОЛОТОЙ — филиал 7,Импортёр,Россия,Санкт-Петербург,"ул. Поставщиков, 135",+375 (29) 138-52-44,CNT-BY-000135,2022-03-23,Отсрочка 60 дней,10,4.34,Активен
136,MIUZ Diamonds — филиал 7,Дистрибьютор,Россия,Москва,"ул. Поставщиков, 136",+375 (29) 145-55-55,CNT-BY-000136,2023-04-24,Частичная предоплата,11,4.35,Активен
137,Адамас — филиал 7,Производитель,Россия,Москва,"ул. Поставщиков, 137",+375 (29) 152-58-66,CNT-BY-000137,2024-05-25,Предоплата 100%,12,4.36,Активен
138,Московский ювелирный завод — филиал 7,Поставщик,Россия,Москва,"ул. Поставщиков, 138",+375 (29) 159-61-77,CNT-BY-000138,2025-06-26,Постоплата 30 дней,13,4.37,Активен
139,ЭСТЕТ — филиал 7,Импортёр,Россия,Москва,"ул. Поставщиков, 139",+375 (29) 166-64-88,CNT-BY-000139,2020-07-27,Отсрочка 60 дней,14,4.38,Активен
140,Бронницкий ювелир — филиал 7,Дистрибьютор,Россия,Бронницы,"ул. Поставщиков, 140",+375 (29) 173-67-99,CNT-BY-000140,2021-08-28,Частичная предоплата,15,4.39,Активен
141,Красцветмет — филиал 7,Производитель,Россия,Красноярск,"ул. Поставщиков, 141",+375 (29) 180-70-20,CNT-BY-000141,2022-09-01,Предоплата 100%,2,4.4,Активен
142,Pandora — филиал 7,Поставщик,Дания,Копенгаген,"ул. Поставщиков, 142",+375 (29) 187-73-31,CNT-BY-000142,2023-10-02,Постоплата 30 дней,3,4.41,Активен
143,Swarovski — филиал 7,Импортёр,Австрия,Ваттенс,"ул. Поставщиков, 143",+375 (29) 194-76-42,CNT-BY-000143,2024-11-03,Отсрочка 60 дней,4,4.42,Активен
144,Tiffany & Co. — филиал 7,Дистрибьютор,США,Нью-Йорк,"ул. Поставщиков, 144",+375 (29) 201-79-53,CNT-BY-000144,2025-12-04,Частичная предоплата,5,4.43,Активен
145,Cartier — филиал 7,Производитель,Франция,Париж,"ул. Поставщиков, 145",+375 (29) 208-82-64,CNT-BY-000145,2020-01-05,Предоплата 100%,6,4.44,Активен
146,Bvlgari — филиал 7,Поставщик,Италия,Рим,"ул. Поставщиков, 146",+375 (29) 215-85-75,CNT-BY-000146,2021-02-06,Постоплата 30 дней,7,4.45,Активен
147,Chopard — филиал 7,Импортёр,Швейцария,Женева,"ул. Поставщиков, 147",+375 (29) 222-88-86,CNT-BY-000147,2022-03-07,Отсрочка 60 дней,8,4.46,Активен
148,Messika — филиал 7,Дистрибьютор,Франция,Париж,"ул. Поставщиков, 148",+375 (29) 229-91-97,CNT-BY-000148,2023-04-08,Частичная предоплата,9,4.47,Активен
149,Злата — филиал 7,Производитель,Беларусь,Минск,"ул. Поставщиков, 149",+375 (29) 236-94-18,CNT-BY-000149,2024-05-09,Предоплата 100%,10,4.48,Активен
150,Ювелирный завод «Кристалл» — филиал 7,Поставщик,Беларусь,Гомель,"ул. Поставщиков, 150",+375 (29) 243-97-29,CNT-BY-000150,2025-06-10,Постоплата 30 дней,11,4.49,Активен
151,БелЮвелир — филиал 7,Импортёр,Беларусь,Минск,"ул. Поставщиков, 151",+375 (29) 250-10-40,CNT-BY-000151,2020-07-11,Отсрочка 60 дней,12,4.5,Активен
152,Золотая Лінія — филиал 7,Дистрибьютор,Беларусь,Минск,"ул. Поставщиков, 152",+375 (29) 257-13-51,CNT-BY-000152,2021-08-12,Частичная предоплата,13,4.51,Активен
153,Адамант — филиал 7,Производитель,Беларусь,Минск,"ул. Поставщиков, 153",+375 (29) 264-16-62,CNT-BY-000153,2022-09-13,Предоплата 100%,14,4.52,Активен
154,Ювелирная мастерская «Скарбніца» — филиал 7,Поставщик,Беларусь,Минск,"ул. Поставщиков, 154",+375 (29) 271-19-73,CNT-BY-000154,2023-10-14,Постоплата 30 дней,15,4.53,Активен
155,SOKOLOV — филиал 8,Импортёр,Россия,Кострома,"ул. Поставщиков, 155",+375 (29) 278-22-84,CNT-BY-000155,2024-11-15,Отсрочка 60 дней,2,4.54,Активен
156,SUNLIGHT — филиал 8,Дистрибьютор,Россия,Москва,"ул. Поставщиков, 156",+375 (29) 285-25-95,CNT-BY-000156,2025-12-16,Частичная предоплата,3,4.55,Активен
157,585*ЗОЛОТОЙ — филиал 8,Производитель,Россия,Санкт-Петербург,"ул. Поставщиков, 157",+375 (29) 292-28-16,CNT-BY-000157,2020-01-17,Предоплата 100%,4,4.56,Активен
158,MIUZ Diamonds — филиал 8,Поставщик,Россия,Москва,"ул. Поставщиков, 158",+375 (29) 299-31-27,CNT-BY-000158,2021-02-18,Постоплата 30 дней,5,4.57,Активен
159,Адамас — филиал 8,Импортёр,Россия,Москва,"ул. Поставщиков, 159",+375 (29) 306-34-38,CNT-BY-000159,2022-03-19,Отсрочка 60 дней,6,4.58,Активен
160,Московский ювелирный завод — филиал 8,Дистрибьютор,Россия,Москва,"ул. Поставщиков, 160",+375 (29) 313-37-49,CNT-BY-000160,2023-04-20,Частичная предоплата,7,4.59,Активен
161,ЭСТЕТ — филиал 8,Производитель,Россия,Москва,"ул. Поставщиков, 161",+375 (29) 320-40-60,CNT-BY-000161,2024-05-21,Предоплата 100%,8,4.6,Активен
162,Бронницкий ювелир — филиал 8,Поставщик,Россия,Бронницы,"ул. Поставщиков, 162",+375 (29) 327-43-71,CNT-BY-000162,2025-06-22,Постоплата 30 дней,9,4.61,Активен
163,Красцветмет — филиал 8,Импортёр,Россия,Красноярск,"ул. Поставщиков, 163",+375 (29) 334-46-82,CNT-BY-000163,2020-07-23,Отсрочка 60 дней,10,4.62,Активен
164,Pandora — филиал 8,Дистрибьютор,Дания,Копенгаген,"ул. Поставщиков, 164",+375 (29) 341-49-93,CNT-BY-000164,2021-08-24,Частичная предоплата,11,4.63,Активен
165,Swarovski — филиал 8,Производитель,Австрия,Ваттенс,"ул. Поставщиков, 165",+375 (29) 348-52-14,CNT-BY-000165,2022-09-25,Предоплата 100%,12,4.64,Активен
166,Tiffany & Co. — филиал 8,Поставщик,США,Нью-Йорк,"ул. Поставщиков, 166",+375 (29) 355-55-25,CNT-BY-000166,2023-10-26,Постоплата 30 дней,13,4.65,Активен
167,Cartier — филиал 8,Импортёр,Франция,Париж,"ул. Поставщиков, 167",+375 (29) 362-58-36,CNT-BY-000167,2024-11-27,Отсрочка 60 дней,14,4.66,Активен
168,Bvlgari — филиал 8,Дистрибьютор,Италия,Рим,"ул. Поставщиков, 168",+375 (29) 369-61-47,CNT-BY-000168,2025-12-28,Частичная предоплата,15,4.67,Активен
169,Chopard — филиал 8,Производитель,Швейцария,Женева,"ул. Поставщиков, 169",+375 (29) 376-64-58,CNT-BY-000169,2020-01-01,Предоплата 100%,2,4.68,Активен
170,Messika — филиал 8,Поставщик,Франция,Париж,"ул. Поставщиков, 170",+375 (29) 383-67-69,CNT-BY-000170,2021-02-02,Постоплата 30 дней,3,4.69,Активен
171,Злата — филиал 8,Импортёр,Беларусь,Минск,"ул. Поставщиков, 171",+375 (29) 390-70-80,CNT-BY-000171,2022-03-03,Отсрочка 60 дней,4,4.7,Активен
172,Ювелирный завод «Кристалл» — филиал 8,Дистрибьютор,Беларусь,Гомель,"ул. Поставщиков, 172",+375 (29) 397-73-91,CNT-BY-000172,2023-04-04,Частичная предоплата,5,4.71,Активен
173,БелЮвелир — филиал 8,Производитель,Беларусь,Минск,"ул. Поставщиков, 173",+375 (29) 404-76-12,CNT-BY-000173,2024-05-05,Предоплата 100%,6,4.72,Активен
174,Золотая Лінія — филиал 8,Поставщик,Беларусь,Минск,"ул. Поставщиков, 174",+375 (29) 411-79-23,CNT-BY-000174,2025-06-06,Постоплата 30 дней,7,4.73,Активен
175,Адамант — филиал 8,Импортёр,Беларусь,Минск,"ул. Поставщиков, 175",+375 (29) 418-82-34,CNT-BY-000175,2020-07-07,Отсрочка 60 дней,8,4.74,Активен
176,Ювелирная мастерская «Скарбніца» — филиал 8,Дистрибьютор,Беларусь,Минск,"ул. Поставщиков, 176",+375 (29) 425-85-45,CNT-BY-000176,2021-08-08,Частичная предоплата,9,4.75,Активен
177,SOKOLOV — филиал 9,Производитель,Россия,Кострома,"ул. Поставщиков, 177",+375 (29) 432-88-56,CNT-BY-000177,2022-09-09,Предоплата 100%,10,4.76,Активен
178,SUNLIGHT — филиал 9,Поставщик,Россия,Москва,"ул. Поставщиков, 178",+375 (29) 439-91-67,CNT-BY-000178,2023-10-10,Постоплата 30 дней,11,4.77,Активен
179,585*ЗОЛОТОЙ — филиал 9,Импортёр,Россия,Санкт-Петербург,"ул. Поставщиков, 179",+375 (29) 446-94-78,CNT-BY-000179,2024-11-11,Отсрочка 60 дней,12,4.78,Активен
180,MIUZ Diamonds — филиал 9,Дистрибьютор,Россия,Москва,"ул. Поставщиков, 180",+375 (29) 453-97-89,CNT-BY-000180,2025-12-12,Частичная предоплата,13,4.79,Активен
181,Адамас — филиал 9,Производитель,Россия,Москва,"ул. Поставщиков, 181",+375 (29) 460-10-10,CNT-BY-000181,2020-01-13,Предоплата 100%,14,4.8,Активен
182,Московский ювелирный завод — филиал 9,Поставщик,Россия,Москва,"ул. Поставщиков, 182",+375 (29) 467-13-21,CNT-BY-000182,2021-02-14,Постоплата 30 дней,15,4.81,Активен
183,ЭСТЕТ — филиал 9,Импортёр,Россия,Москва,"ул. Поставщиков, 183",+375 (29) 474-16-32,CNT-BY-000183,2022-03-15,Отсрочка 60 дней,2,4.82,Активен
184,Бронницкий ювелир — филиал 9,Дистрибьютор,Россия,Бронницы,"ул. Поставщиков, 184",+375 (29) 481-19-43,CNT-BY-000184,2023-04-16,Частичная предоплата,3,4.83,Активен
185,Красцветмет — филиал 9,Производитель,Россия,Красноярск,"ул. Поставщиков, 185",+375 (29) 488-22-54,CNT-BY-000185,2024-05-17,Предоплата 100%,4,4.84,Активен
186,Pandora — филиал 9,Поставщик,Дания,Копенгаген,"ул. Поставщиков, 186",+375 (29) 495-25-65,CNT-BY-000186,2025-06-18,Постоплата 30 дней,5,4.85,Активен
187,Swarovski — филиал 9,Импортёр,Австрия,Ваттенс,"ул. Поставщиков, 187",+375 (29) 502-28-76,CNT-BY-000187,2020-07-19,Отсрочка 60 дней,6,4.86,Активен
188,Tiffany & Co. — филиал 9,Дистрибьютор,США,Нью-Йорк,"ул. Поставщиков, 188",+375 (29) 509-31-87,CNT-BY-000188,2021-08-20,Частичная предоплата,7,4.87,Активен
189,Cartier — филиал 9,Производитель,Франция,Париж,"ул. Поставщиков, 189",+375 (29) 516-34-98,CNT-BY-000189,2022-09-21,Предоплата 100%,8,4.88,Активен
190,Bvlgari — филиал 9,Поставщик,Италия,Рим,"ул. Поставщиков, 190",+375 (29) 523-37-19,CNT-BY-000190,2023-10-22,Постоплата 30 дней,9,4.89,Активен
191,Chopard — филиал 9,Импортёр,Швейцария,Женева,"ул. Поставщиков, 191",+375 (29) 530-40-30,CNT-BY-000191,2024-11-23,Отсрочка 60 дней,10,4.9,Активен
192,Messika — филиал 9,Дистрибьютор,Франция,Париж,"ул. Поставщиков, 192",+375 (29) 537-43-41,CNT-BY-000192,2025-12-24,Частичная предоплата,11,4.91,Активен
193,Злата — филиал 9,Производитель,Беларусь,Минск,"ул. Поставщиков, 193",+375 (29) 544-46-52,CNT-BY-000193,2020-01-25,Предоплата 100%,12,4.92,Активен
194,Ювелирный завод «Кристалл» — филиал 9,Поставщик,Беларусь,Гомель,"ул. Поставщиков, 194",+375 (29) 551-49-63,CNT-BY-000194,2021-02-26,Постоплата 30 дней,13,4.93,Активен
195,БелЮвелир — филиал 9,Импортёр,Беларусь,Минск,"ул. Поставщиков, 195",+375 (29) 558-52-74,CNT-BY-000195,2022-03-27,Отсрочка 60 дней,14,4.94,Активен
196,Золотая Лінія — филиал 9,Дистрибьютор,Беларусь,Минск,"ул. Поставщиков, 196",+375 (29) 565-55-85,CNT-BY-000196,2023-04-28,Частичная предоплата,15,4.95,Активен
197,Адамант — филиал 9,Производитель,Беларусь,Минск,"ул. Поставщиков, 197",+375 (29) 572-58-96,CNT-BY-000197,2024-05-01,Предоплата 100%,2,4.96,Активен
198,Ювелирная мастерская «Скарбніца» — филиал 9,Поставщик,Беларусь,Минск,"ул. Поставщиков, 198",+375 (29) 579-61-17,CNT-BY-000198,2025-06-02,Постоплата 30 дней,3,4.97,Активен
199,SOKOLOV — филиал 10,Импортёр,Россия,Кострома,"ул. Поставщиков, 199",+375 (29) 586-64-28,CNT-BY-000199,2020-07-03,Отсрочка 60 дней,4,4.98,Активен
200,SUNLIGHT — филиал 10,Дистрибьютор,Россия,Москва,"ул. Поставщиков, 200",+375 (29) 593-67-39,CNT-BY-000200,2021-08-04,Частичная предоплата,5,4.99,Активен
201,585*ЗОЛОТОЙ — филиал 10,Производитель,Россия,Санкт-Петербург,"ул. Поставщиков, 201",+375 (29) 600-70-50,CNT-BY-000201,2022-09-05,Предоплата 100%,6,4.0,Активен
202,MIUZ Diamonds — филиал 10,Поставщик,Россия,Москва,"ул. Поставщиков, 202",+375 (29) 607-73-61,CNT-BY-000202,2023-10-06,Постоплата 30 дней,7,4.01,Активен
203,Адамас — филиал 10,Импортёр,Россия,Москва,"ул. Поставщиков, 203",+375 (29) 614-76-72,CNT-BY-000203,2024-11-07,Отсрочка 60 дней,8,4.02,Активен
204,Московский ювелирный завод — филиал 10,Дистрибьютор,Россия,Москва,"ул. Поставщиков, 204",+375 (29) 621-79-83,CNT-BY-000204,2025-12-08,Частичная предоплата,9,4.03,Активен
205,ЭСТЕТ — филиал 10,Производитель,Россия,Москва,"ул. Поставщиков, 205",+375 (29) 628-82-94,CNT-BY-000205,2020-01-09,Предоплата 100%,10,4.04,Активен
206,Бронницкий ювелир — филиал 10,Поставщик,Россия,Бронницы,"ул. Поставщиков, 206",+375 (29) 635-85-15,CNT-BY-000206,2021-02-10,Постоплата 30 дней,11,4.05,Активен
207,Красцветмет — филиал 10,Импортёр,Россия,Красноярск,"ул. Поставщиков, 207",+375 (29) 642-88-26,CNT-BY-000207,2022-03-11,Отсрочка 60 дней,12,4.06,Активен
208,Pandora — филиал 10,Дистрибьютор,Дания,Копенгаген,"ул. Поставщиков, 208",+375 (29) 649-91-37,CNT-BY-000208,2023-04-12,Частичная предоплата,13,4.07,Активен
209,Swarovski — филиал 10,Производитель,Австрия,Ваттенс,"ул. Поставщиков, 209",+375 (29) 656-94-48,CNT-BY-000209,2024-05-13,Предоплата 100%,14,4.08,Активен
210,Tiffany & Co. — филиал 10,Поставщик,США,Нью-Йорк,"ул. Поставщиков, 210",+375 (29) 663-97-59,CNT-BY-000210,2025-06-14,Постоплата 30 дней,15,4.09,Активен
211,Cartier — филиал 10,Импортёр,Франция,Париж,"ул. Поставщиков, 211",+375 (29) 670-10-70,CNT-BY-000211,2020-07-15,Отсрочка 60 дней,2,4.1,Активен
212,Bvlgari — филиал 10,Дистрибьютор,Италия,Рим,"ул. Поставщиков, 212",+375 (29) 677-13-81,CNT-BY-000212,2021-08-16,Частичная предоплата,3,4.11,Активен
213,Chopard — филиал 10,Производитель,Швейцария,Женева,"ул. Поставщиков, 213",+375 (29) 684-16-92,CNT-BY-000213,2022-09-17,Предоплата 100%,4,4.12,Активен
214,Messika — филиал 10,Поставщик,Франция,Париж,"ул. Поставщиков, 214",+375 (29) 691-19-13,CNT-BY-000214,2023-10-18,Постоплата 30 дней,5,4.13,Активен
215,Злата — филиал 10,Импортёр,Беларусь,Минск,"ул. Поставщиков, 215",+375 (29) 698-22-24,CNT-BY-000215,2024-11-19,Отсрочка 60 дней,6,4.14,Активен
216,Ювелирный завод «Кристалл» — филиал 10,Дистрибьютор,Беларусь,Гомель,"ул. Поставщиков, 216",+375 (29) 705-25-35,CNT-BY-000216,2025-12-20,Частичная предоплата,7,4.15,Активен
217,БелЮвелир — филиал 10,Производитель,Беларусь,Минск,"ул. Поставщиков, 217",+375 (29) 712-28-46,CNT-BY-000217,2020-01-21,Предоплата 100%,8,4.16,Активен
218,Золотая Лінія — филиал 10,Поставщик,Беларусь,Минск,"ул. Поставщиков, 218",+375 (29) 719-31-57,CNT-BY-000218,2021-02-22,Постоплата 30 дней,9,4.17,Активен
219,Адамант — филиал 10,Импортёр,Беларусь,Минск,"ул. Поставщиков, 219",+375 (29) 726-34-68,CNT-BY-000219,2022-03-23,Отсрочка 60 дней,10,4.18,Активен
220,Ювелирная мастерская «Скарбніца» — филиал 10,Дистрибьютор,Беларусь,Минск,"ул. Поставщиков, 220",+375 (29) 733-37-79,CNT-BY-000220,2023-04-24,Частичная предоплата,11,4.19,Активен
221,SOKOLOV — филиал 11,Производитель,Россия,Кострома,"ул. Поставщиков, 221",+375 (29) 740-40-90,CNT-BY-000221,2024-05-25,Предоплата 100%,12,4.2,Активен
222,SUNLIGHT — филиал 11,Поставщик,Россия,Москва,"ул. Поставщиков, 222",+375 (29) 747-43-11,CNT-BY-000222,2025-06-26,Постоплата 30 дней,13,4.21,Активен
223,585*ЗОЛОТОЙ — филиал 11,Импортёр,Россия,Санкт-Петербург,"ул. Поставщиков, 223",+375 (29) 754-46-22,CNT-BY-000223,2020-07-27,Отсрочка 60 дней,14,4.22,Активен
224,MIUZ Diamonds — филиал 11,Дистрибьютор,Россия,Москва,"ул. Поставщиков, 224",+375 (29) 761-49-33,CNT-BY-000224,2021-08-28,Частичная предоплата,15,4.23,Активен
225,Адамас — филиал 11,Производитель,Россия,Москва,"ул. Поставщиков, 225",+375 (29) 768-52-44,CNT-BY-000225,2022-09-01,Предоплата 100%,2,4.24,Активен
226,Московский ювелирный завод — филиал 11,Поставщик,Россия,Москва,"ул. Поставщиков, 226",+375 (29) 775-55-55,CNT-BY-000226,2023-10-02,Постоплата 30 дней,3,4.25,Активен
227,ЭСТЕТ — филиал 11,Импортёр,Россия,Москва,"ул. Поставщиков, 227",+375 (29) 782-58-66,CNT-BY-000227,2024-11-03,Отсрочка 60 дней,4,4.26,Активен
228,Бронницкий ювелир — филиал 11,Дистрибьютор,Россия,Бронницы,"ул. Поставщиков, 228",+375 (29) 789-61-77,CNT-BY-000228,2025-12-04,Частичная предоплата,5,4.27,Активен
229,Красцветмет — филиал 11,Производитель,Россия,Красноярск,"ул. Поставщиков, 229",+375 (29) 796-64-88,CNT-BY-000229,2020-01-05,Предоплата 100%,6,4.28,Активен
230,Pandora — филиал 11,Поставщик,Дания,Копенгаген,"ул. Поставщиков, 230",+375 (29) 803-67-99,CNT-BY-000230,2021-02-06,Постоплата 30 дней,7,4.29,Активен
231,Swarovski — филиал 11,Импортёр,Австрия,Ваттенс,"ул. Поставщиков, 231",+375 (29) 810-70-20,CNT-BY-000231,2022-03-07,Отсрочка 60 дней,8,4.3,Активен
232,Tiffany & Co. — филиал 11,Дистрибьютор,США,Нью-Йорк,"ул. Поставщиков, 232",+375 (29) 817-73-31,CNT-BY-000232,2023-04-08,Частичная предоплата,9,4.31,Активен
233,Cartier — филиал 11,Производитель,Франция,Париж,"ул. Поставщиков, 233",+375 (29) 824-76-42,CNT-BY-000233,2024-05-09,Предоплата 100%,10,4.32,Активен
234,Bvlgari — филиал 11,Поставщик,Италия,Рим,"ул. Поставщиков, 234",+375 (29) 831-79-53,CNT-BY-000234,2025-06-10,Постоплата 30 дней,11,4.33,Активен
235,Chopard — филиал 11,Импортёр,Швейцария,Женева,"ул. Поставщиков, 235",+375 (29) 838-82-64,CNT-BY-000235,2020-07-11,Отсрочка 60 дней,12,4.34,Активен
236,Messika — филиал 11,Дистрибьютор,Франция,Париж,"ул. Поставщиков, 236",+375 (29) 845-85-75,CNT-BY-000236,2021-08-12,Частичная предоплата,13,4.35,Активен
237,Злата — филиал 11,Производитель,Беларусь,Минск,"ул. Поставщиков, 237",+375 (29) 852-88-86,CNT-BY-000237,2022-09-13,Предоплата 100%,14,4.36,Активен
238,Ювелирный завод «Кристалл» — филиал 11,Поставщик,Беларусь,Гомель,"ул. Поставщиков, 238",+375 (29) 859-91-97,CNT-BY-000238,2023-10-14,Постоплата 30 дней,15,4.37,Активен
239,БелЮвелир — филиал 11,Импортёр,Беларусь,Минск,"ул. Поставщиков, 239",+375 (29) 866-94-18,CNT-BY-000239,2024-11-15,Отсрочка 60 дней,2,4.38,Активен
240,Золотая Лінія — филиал 11,Дистрибьютор,Беларусь,Минск,"ул. Поставщиков, 240",+375 (29) 873-97-29,CNT-BY-000240,2025-12-16,Частичная предоплата,3,4.39,Активен
241,Адамант — филиал 11,Производитель,Беларусь,Минск,"ул. Поставщиков, 241",+375 (29) 880-10-40,CNT-BY-000241,2020-01-17,Предоплата 100%,4,4.4,Активен
242,Ювелирная мастерская «Скарбніца» — филиал 11,Поставщик,Беларусь,Минск,"ул. Поставщиков, 242",+375 (29) 887-13-51,CNT-BY-000242,2021-02-18,Постоплата 30 дней,5,4.41,Активен
243,SOKOLOV — филиал 12,Импортёр,Россия,Кострома,"ул. Поставщиков, 243",+375 (29) 894-16-62,CNT-BY-000243,2022-03-19,Отсрочка 60 дней,6,4.42,Активен
244,SUNLIGHT — филиал 12,Дистрибьютор,Россия,Москва,"ул. Поставщиков, 244",+375 (29) 901-19-73,CNT-BY-000244,2023-04-20,Частичная предоплата,7,4.43,Активен
245,585*ЗОЛОТОЙ — филиал 12,Производитель,Россия,Санкт-Петербург,"ул. Поставщиков, 245",+375 (29) 908-22-84,CNT-BY-000245,2024-05-21,Предоплата 100%,8,4.44,Активен
246,MIUZ Diamonds — филиал 12,Поставщик,Россия,Москва,"ул. Поставщиков, 246",+375 (29) 915-25-95,CNT-BY-000246,2025-06-22,Постоплата 30 дней,9,4.45,Активен
247,Адамас — филиал 12,Импортёр,Россия,Москва,"ул. Поставщиков, 247",+375 (29) 922-28-16,CNT-BY-000247,2020-07-23,Отсрочка 60 дней,10,4.46,Активен
248,Московский ювелирный завод — филиал 12,Дистрибьютор,Россия,Москва,"ул. Поставщиков, 248",+375 (29) 929-31-27,CNT-BY-000248,2021-08-24,Частичная предоплата,11,4.47,Активен
249,ЭСТЕТ — филиал 12,Производитель,Россия,Москва,"ул. Поставщиков, 249",+375 (29) 936-34-38,CNT-BY-000249,2022-09-25,Предоплата 100%,12,4.48,Активен
250,Бронницкий ювелир — филиал 12,Поставщик,Россия,Бронницы,"ул. Поставщиков, 250",+375 (29) 943-37-49,CNT-BY-000250,2023-10-26,Постоплата 30 дней,13,4.49,Активен
251,Красцветмет — филиал 12,Импортёр,Россия,Красноярск,"ул. Поставщиков, 251",+375 (29) 950-40-60,CNT-BY-000251,2024-11-27,Отсрочка 60 дней,14,4.5,Активен
252,Pandora — филиал 12,Дистрибьютор,Дания,Копенгаген,"ул. Поставщиков, 252",+375 (29) 957-43-71,CNT-BY-000252,2025-12-28,Частичная предоплата,15,4.51,Активен
253,Swarovski — филиал 12,Производитель,Австрия,Ваттенс,"ул. Поставщиков, 253",+375 (29) 964-46-82,CNT-BY-000253,2020-01-01,Предоплата 100%,2,4.52,Активен
254,Tiffany & Co. — филиал 12,Поставщик,США,Нью-Йорк,"ул. Поставщиков, 254",+375 (29) 971-49-93,CNT-BY-000254,2021-02-02,Постоплата 30 дней,3,4.53,Активен
255,Cartier — филиал 12,Импортёр,Франция,Париж,"ул. Поставщиков, 255",+375 (29) 978-52-14,CNT-BY-000255,2022-03-03,Отсрочка 60 дней,4,4.54,Активен
256,Bvlgari — филиал 12,Дистрибьютор,Италия,Рим,"ул. Поставщиков, 256",+375 (29) 985-55-25,CNT-BY-000256,2023-04-04,Частичная предоплата,5,4.55,Активен
257,Chopard — филиал 12,Производитель,Швейцария,Женева,"ул. Поставщиков, 257",+375 (29) 992-58-36,CNT-BY-000257,2024-05-05,Предоплата 100%,6,4.56,Активен
258,Messika — филиал 12,Поставщик,Франция,Париж,"ул. Поставщиков, 258",+375 (29) 999-61-47,CNT-BY-000258,2025-06-06,Постоплата 30 дней,7,4.57,Активен
259,Злата — филиал 12,Импортёр,Беларусь,Минск,"ул. Поставщиков, 259",+375 (29) 106-64-58,CNT-BY-000259,2020-07-07,Отсрочка 60 дней,8,4.58,Активен
260,Ювелирный завод «Кристалл» — филиал 12,Дистрибьютор,Беларусь,Гомель,"ул. Поставщиков, 260",+375 (29) 113-67-69,CNT-BY-000260,2021-08-08,Частичная предоплата,9,4.59,Активен
261,БелЮвелир — филиал 12,Производитель,Беларусь,Минск,"ул. Поставщиков, 261",+375 (29) 120-70-80,CNT-BY-000261,2022-09-09,Предоплата 100%,10,4.6,Активен
262,Золотая Лінія — филиал 12,Поставщик,Беларусь,Минск,"ул. Поставщиков, 262",+375 (29) 127-73-91,CNT-BY-000262,2023-10-10,Постоплата 30 дней,11,4.61,Активен
263,Адамант — филиал 12,Импортёр,Беларусь,Минск,"ул. Поставщиков, 263",+375 (29) 134-76-12,CNT-BY-000263,2024-11-11,Отсрочка 60 дней,12,4.62,Активен
264,Ювелирная мастерская «Скарбніца» — филиал 12,Дистрибьютор,Беларусь,Минск,"ул. Поставщиков, 264",+375 (29) 141-79-23,CNT-BY-000264,2025-12-12,Частичная предоплата,13,4.63,Активен
265,SOKOLOV — филиал 13,Производитель,Россия,Кострома,"ул. Поставщиков, 265",+375 (29) 148-82-34,CNT-BY-000265,2020-01-13,Предоплата 100%,14,4.64,Активен
266,SUNLIGHT — филиал 13,Поставщик,Россия,Москва,"ул. Поставщиков, 266",+375 (29) 155-85-45,CNT-BY-000266,2021-02-14,Постоплата 30 дней,15,4.65,Активен
267,585*ЗОЛОТОЙ — филиал 13,Импортёр,Россия,Санкт-Петербург,"ул. Поставщиков, 267",+375 (29) 162-88-56,CNT-BY-000267,2022-03-15,Отсрочка 60 дней,2,4.66,Активен
268,MIUZ Diamonds — филиал 13,Дистрибьютор,Россия,Москва,"ул. Поставщиков, 268",+375 (29) 169-91-67,CNT-BY-000268,2023-04-16,Частичная предоплата,3,4.67,Активен
269,Адамас — филиал 13,Производитель,Россия,Москва,"ул. Поставщиков, 269",+375 (29) 176-94-78,CNT-BY-000269,2024-05-17,Предоплата 100%,4,4.68,Активен
270,Московский ювелирный завод — филиал 13,Поставщик,Россия,Москва,"ул. Поставщиков, 270",+375 (29) 183-97-89,CNT-BY-000270,2025-06-18,Постоплата 30 дней,5,4.69,Активен
271,ЭСТЕТ — филиал 13,Импортёр,Россия,Москва,"ул. Поставщиков, 271",+375 (29) 190-10-10,CNT-BY-000271,2020-07-19,Отсрочка 60 дней,6,4.7,Активен
272,Бронницкий ювелир — филиал 13,Дистрибьютор,Россия,Бронницы,"ул. Поставщиков, 272",+375 (29) 197-13-21,CNT-BY-000272,2021-08-20,Частичная предоплата,7,4.71,Активен
273,Красцветмет — филиал 13,Производитель,Россия,Красноярск,"ул. Поставщиков, 273",+375 (29) 204-16-32,CNT-BY-000273,2022-09-21,Предоплата 100%,8,4.72,Активен
274,Pandora — филиал 13,Поставщик,Дания,Копенгаген,"ул. Поставщиков, 274",+375 (29) 211-19-43,CNT-BY-000274,2023-10-22,Постоплата 30 дней,9,4.73,Активен
275,Swarovski — филиал 13,Импортёр,Австрия,Ваттенс,"ул. Поставщиков, 275",+375 (29) 218-22-54,CNT-BY-000275,2024-11-23,Отсрочка 60 дней,10,4.74,Активен
276,Tiffany & Co. — филиал 13,Дистрибьютор,США,Нью-Йорк,"ул. Поставщиков, 276",+375 (29) 225-25-65,CNT-BY-000276,2025-12-24,Частичная предоплата,11,4.75,Активен
277,Cartier — филиал 13,Производитель,Франция,Париж,"ул. Поставщиков, 277",+375 (29) 232-28-76,CNT-BY-000277,2020-01-25,Предоплата 100%,12,4.76,Активен
278,Bvlgari — филиал 13,Поставщик,Италия,Рим,"ул. Поставщиков, 278",+375 (29) 239-31-87,CNT-BY-000278,2021-02-26,Постоплата 30 дней,13,4.77,Активен
279,Chopard — филиал 13,Импортёр,Швейцария,Женева,"ул. Поставщиков, 279",+375 (29) 246-34-98,CNT-BY-000279,2022-03-27,Отсрочка 60 дней,14,4.78,Активен
280,Messika — филиал 13,Дистрибьютор,Франция,Париж,"ул. Поставщиков, 280",+375 (29) 253-37-19,CNT-BY-000280,2023-04-28,Частичная предоплата,15,4.79,Активен
281,Злата — филиал 13,Производитель,Беларусь,Минск,"ул. Поставщиков, 281",+375 (29) 260-40-30,CNT-BY-000281,2024-05-01,Предоплата 100%,2,4.8,Активен
282,Ювелирный завод «Кристалл» — филиал 13,Поставщик,Беларусь,Гомель,"ул. Поставщиков, 282",+375 (29) 267-43-41,CNT-BY-000282,2025-06-02,Постоплата 30 дней,3,4.81,Активен
283,БелЮвелир — филиал 13,Импортёр,Беларусь,Минск,"ул. Поставщиков, 283",+375 (29) 274-46-52,CNT-BY-000283,2020-07-03,Отсрочка 60 дней,4,4.82,Активен
284,Золотая Лінія — филиал 13,Дистрибьютор,Беларусь,Минск,"ул. Поставщиков, 284",+375 (29) 281-49-63,CNT-BY-000284,2021-08-04,Частичная предоплата,5,4.83,Активен
285,Адамант — филиал 13,Производитель,Беларусь,Минск,"ул. Поставщиков, 285",+375 (29) 288-52-74,CNT-BY-000285,2022-09-05,Предоплата 100%,6,4.84,Активен
286,Ювелирная мастерская «Скарбніца» — филиал 13,Поставщик,Беларусь,Минск,"ул. Поставщиков, 286",+375 (29) 295-55-85,CNT-BY-000286,2023-10-06,Постоплата 30 дней,7,4.85,Активен
287,SOKOLOV — филиал 14,Импортёр,Россия,Кострома,"ул. Поставщиков, 287",+375 (29) 302-58-96,CNT-BY-000287,2024-11-07,Отсрочка 60 дней,8,4.86,Активен
288,SUNLIGHT — филиал 14,Дистрибьютор,Россия,Москва,"ул. Поставщиков, 288",+375 (29) 309-61-17,CNT-BY-000288,2025-12-08,Частичная предоплата,9,4.87,Активен
289,585*ЗОЛОТОЙ — филиал 14,Производитель,Россия,Санкт-Петербург,"ул. Поставщиков, 289",+375 (29) 316-64-28,CNT-BY-000289,2020-01-09,Предоплата 100%,10,4.88,Активен
290,MIUZ Diamonds — филиал 14,Поставщик,Россия,Москва,"ул. Поставщиков, 290",+375 (29) 323-67-39,CNT-BY-000290,2021-02-10,Постоплата 30 дней,11,4.89,Активен
291,Адамас — филиал 14,Импортёр,Россия,Москва,"ул. Поставщиков, 291",+375 (29) 330-70-50,CNT-BY-000291,2022-03-11,Отсрочка 60 дней,12,4.9,Активен
292,Московский ювелирный завод — филиал 14,Дистрибьютор,Россия,Москва,"ул. Поставщиков, 292",+375 (29) 337-73-61,CNT-BY-000292,2023-04-12,Частичная предоплата,13,4.91,Активен
293,ЭСТЕТ — филиал 14,Производитель,Россия,Москва,"ул. Поставщиков, 293",+375 (29) 344-76-72,CNT-BY-000293,2024-05-13,Предоплата 100%,14,4.92,Активен
294,Бронницкий ювелир — филиал 14,Поставщик,Россия,Бронницы,"ул. Поставщиков, 294",+375 (29) 351-79-83,CNT-BY-000294,2025-06-14,Постоплата 30 дней,15,4.93,Активен
295,Красцветмет — филиал 14,Импортёр,Россия,Красноярск,"ул. Поставщиков, 295",+375 (29) 358-82-94,CNT-BY-000295,2020-07-15,Отсрочка 60 дней,2,4.94,Активен
296,Pandora — филиал 14,Дистрибьютор,Дания,Копенгаген,"ул. Поставщиков, 296",+375 (29) 365-85-15,CNT-BY-000296,2021-08-16,Частичная предоплата,3,4.95,Активен
297,Swarovski — филиал 14,Производитель,Австрия,Ваттенс,"ул. Поставщиков, 297",+375 (29) 372-88-26,CNT-BY-000297,2022-09-17,Предоплата 100%,4,4.96,Активен
298,Tiffany & Co. — филиал 14,Поставщик,США,Нью-Йорк,"ул. Поставщиков, 298",+375 (29) 379-91-37,CNT-BY-000298,2023-10-18,Постоплата 30 дней,5,4.97,Активен
299,Cartier — филиал 14,Импортёр,Франция,Париж,"ул. Поставщиков, 299",+375 (29) 386-94-48,CNT-BY-000299,2024-11-19,Отсрочка 60 дней,6,4.98,Активен
300,Bvlgari — филиал 14,Дистрибьютор,Италия,Рим,"ул. Поставщиков, 300",+375 (29) 393-97-59,CNT-BY-000300,2025-12-20,Частичная предоплата,7,4.99,Активен
