employee_id,full_name,position,store_id,store_name,department,hire_date,experience_years,shift,region,country,status
1,Ковалёв Дмитрий,Старший консультант,2,SUNLIGHT — Борисов,Касса,2021-02-02,5,10:00-19:00,Минская область,Беларусь,Работает
2,Козлов Максим,Кассир,3,585*ЗОЛОТОЙ — Солигорск,Администрация,2022-03-03,4,12:00-21:00,Минская область,Беларусь,Работает
3,Петров Андрей,Администратор,4,MIUZ Diamonds — Молодечно,Склад,2023-04-04,3,09:00-18:00,Минская область,Беларусь,Работает
4,Новиков Иван,Менеджер,5,Адамас — Жодино,Маркетинг,2024-05-05,2,10:00-19:00,Минская область,Беларусь,Работает
5,Морозов Михаил,Управляющий,6,Злата — Слуцк,Торговый зал,2025-06-06,1,12:00-21:00,Минская область,Беларусь,Работает
6,Волков Николай,Консультант,7,БелЮвелир — Дзержинск,Касса,2026-07-07,0,09:00-18:00,Минская область,Беларусь,Работает
7,Соколов Сергей,Старший консультант,8,Кристалл — Смолевичи,Администрация,2020-08-08,6,10:00-19:00,Минская область,Беларусь,Работает
8,Лебедев Артём,Кассир,9,SOKOLOV — Гомель,Склад,2021-09-09,5,12:00-21:00,Гомельская область,Беларусь,Работает
9,Кузнецов Роман,Администратор,10,SUNLIGHT — Мозырь,Маркетинг,2022-10-10,4,09:00-18:00,Гомельская область,Беларусь,Работает
10,Макаров Денис,Менеджер,11,585*ЗОЛОТОЙ — Жлобин,Торговый зал,2023-11-11,3,10:00-19:00,Гомельская область,Беларусь,Работает
11,Орлов Евгений,Управляющий,12,MIUZ Diamonds — Речица,Касса,2024-12-12,2,12:00-21:00,Гомельская область,Беларусь,Работает
12,Зайцев Виктор,Консультант,13,Адамас — Светлогорск,Администрация,2025-01-13,1,09:00-18:00,Гомельская область,Беларусь,Работает
13,Богданович Павел,Старший консультант,14,Злата — Калинковичи,Склад,2026-02-14,0,10:00-19:00,Гомельская область,Беларусь,Работает
14,Ковалевич Алексей,Кассир,15,БелЮвелир — Могилёв,Маркетинг,2020-03-15,6,12:00-21:00,Могилёвская область,Беларусь,Работает
15,Лукашенко Илья,Администратор,16,Кристалл — Бобруйск,Торговый зал,2021-04-16,5,09:00-18:00,Могилёвская область,Беларусь,Уволен
16,Шевченко Кирилл,Менеджер,17,SOKOLOV — Осиповичи,Касса,2022-05-17,4,10:00-19:00,Могилёвская область,Беларусь,Работает
17,Ткаченко Владислав,Управляющий,18,SUNLIGHT — Горки,Администрация,2023-06-18,3,12:00-21:00,Могилёвская область,Беларусь,Работает
18,Мельник Антон,Консультант,19,585*ЗОЛОТОЙ — Кричев,Склад,2024-07-19,2,09:00-18:00,Могилёвская область,Беларусь,Работает
19,Бондарь Олег,Старший консультант,20,MIUZ Diamonds — Витебск,Маркетинг,2025-08-20,1,10:00-19:00,Витебская область,Беларусь,Работает
20,Кравченко Пётр,Кассир,21,Адамас — Орша,Торговый зал,2026-09-21,0,12:00-21:00,Витебская область,Беларусь,Работает
21,Сидоренко Ярослав,Администратор,22,Злата — Новополоцк,Касса,2020-10-22,6,09:00-18:00,Витебская область,Беларусь,Работает
22,Данилов Матвей,Менеджер,23,БелЮвелир — Полоцк,Администрация,2021-11-23,5,10:00-19:00,Витебская область,Беларусь,Работает
23,Романов Тимофей,Управляющий,24,Кристалл — Поставы,Склад,2022-12-24,4,12:00-21:00,Витебская область,Беларусь,Работает
24,Никитин Егор,Консультант,25,SOKOLOV — Гродно,Маркетинг,2023-01-25,3,09:00-18:00,Гродненская область,Беларусь,Работает
25,Григорьев Александр,Старший консультант,26,SUNLIGHT — Лида,Торговый зал,2024-02-26,2,10:00-19:00,Гродненская область,Беларусь,Работает
26,Фёдоров Дмитрий,Кассир,27,585*ЗОЛОТОЙ — Слоним,Касса,2025-03-27,1,12:00-21:00,Гродненская область,Беларусь,Работает
27,Семёнов Максим,Администратор,28,MIUZ Diamonds — Волковыск,Администрация,2026-04-28,0,09:00-18:00,Гродненская область,Беларусь,Работает
28,Павлов Андрей,Менеджер,29,Адамас — Новогрудок,Склад,2020-05-01,6,10:00-19:00,Гродненская область,Беларусь,Работает
29,Андреев Иван,Управляющий,30,Злата — Брест,Маркетинг,2021-06-02,5,12:00-21:00,Брестская область,Беларусь,Работает
30,Иванов Михаил,Консультант,1,SOKOLOV — Минск,Торговый зал,2022-07-03,4,09:00-18:00,Минская область,Беларусь,Уволен
31,Ковалёв Николай,Старший консультант,2,SUNLIGHT — Борисов,Касса,2023-08-04,3,10:00-19:00,Минская область,Беларусь,Работает
32,Козлов Сергей,Кассир,3,585*ЗОЛОТОЙ — Солигорск,Администрация,2024-09-05,2,12:00-21:00,Минская область,Беларусь,Работает
33,Петров Артём,Администратор,4,MIUZ Diamonds — Молодечно,Склад,2025-10-06,1,09:00-18:00,Минская область,Беларусь,Работает
34,Новиков Роман,Менеджер,5,Адамас — Жодино,Маркетинг,2026-11-07,0,10:00-19:00,Минская область,Беларусь,Работает
35,Морозова Ксения,Управляющий,6,Злата — Слуцк,Торговый зал,2020-12-08,6,12:00-21:00,Минская область,Беларусь,Работает
36,Волкова Алина,Консультант,7,БелЮвелир — Дзержинск,Касса,2021-01-09,5,09:00-18:00,Минская область,Беларусь,Работает
37,Соколова Юлия,Старший консультант,8,Кристалл — Смолевичи,Администрация,2022-02-10,4,10:00-19:00,Минская область,Беларусь,Работает
38,Лебедева Ирина,Кассир,9,SOKOLOV — Гомель,Склад,2023-03-11,3,12:00-21:00,Гомельская область,Беларусь,Работает
39,Кузнецова Наталья,Администратор,10,SUNLIGHT — Мозырь,Маркетинг,2024-04-12,2,09:00-18:00,Гомельская область,Беларусь,Работает
40,Макарова Татьяна,Менеджер,11,585*ЗОЛОТОЙ — Жлобин,Торговый зал,2025-05-13,1,10:00-19:00,Гомельская область,Беларусь,Работает
41,Орлова Вероника,Управляющий,12,MIUZ Diamonds — Речица,Касса,2026-06-14,0,12:00-21:00,Гомельская область,Беларусь,Работает
42,Зайцева Валерия,Консультант,13,Адамас — Светлогорск,Администрация,2020-07-15,6,09:00-18:00,Гомельская область,Беларусь,Работает
43,Богдановича Кристина,Старший консультант,14,Злата — Калинковичи,Склад,2021-08-16,5,10:00-19:00,Гомельская область,Беларусь,Работает
44,Ковалевича Марина,Кассир,15,БелЮвелир — Могилёв,Маркетинг,2022-09-17,4,12:00-21:00,Могилёвская область,Беларусь,Работает
45,Лукашенкоа Алеся,Администратор,16,Кристалл — Бобруйск,Торговый зал,2023-10-18,3,09:00-18:00,Могилёвская область,Беларусь,Уволен
46,Шевченкоа Яна,Менеджер,17,SOKOLOV — Осиповичи,Касса,2024-11-19,2,10:00-19:00,Могилёвская область,Беларусь,Работает
47,Ткаченкоа Диана,Управляющий,18,SUNLIGHT — Горки,Администрация,2025-12-20,1,12:00-21:00,Могилёвская область,Беларусь,Работает
48,Мельника Милана,Консультант,19,585*ЗОЛОТОЙ — Кричев,Склад,2026-01-21,0,09:00-18:00,Могилёвская область,Беларусь,Работает
49,Бондарьа Ева,Старший консультант,20,MIUZ Diamonds — Витебск,Маркетинг,2020-02-22,6,10:00-19:00,Витебская область,Беларусь,Работает
50,Кравченкоа Анастасия,Кассир,21,Адамас — Орша,Торговый зал,2021-03-23,5,12:00-21:00,Витебская область,Беларусь,Работает
51,Сидоренкоа Екатерина,Администратор,22,Злата — Новополоцк,Касса,2022-04-24,4,09:00-18:00,Витебская область,Беларусь,Работает
52,Данилова Анна,Менеджер,23,БелЮвелир — Полоцк,Администрация,2023-05-25,3,10:00-19:00,Витебская область,Беларусь,Работает
53,Романова Мария,Управляющий,24,Кристалл — Поставы,Склад,2024-06-26,2,12:00-21:00,Витебская область,Беларусь,Работает
54,Никитина Елена,Консультант,25,SOKOLOV — Гродно,Маркетинг,2025-07-27,1,09:00-18:00,Гродненская область,Беларусь,Работает
55,Григорьева Ольга,Старший консультант,26,SUNLIGHT — Лида,Торговый зал,2026-08-28,0,10:00-19:00,Гродненская область,Беларусь,Работает
56,Фёдорова Виктория,Кассир,27,585*ЗОЛОТОЙ — Слоним,Касса,2020-09-01,6,12:00-21:00,Гродненская область,Беларусь,Работает
57,Семёнова Дарья,Администратор,28,MIUZ Diamonds — Волковыск,Администрация,2021-10-02,5,09:00-18:00,Гродненская область,Беларусь,Работает
58,Павлова Полина,Менеджер,29,Адамас — Новогрудок,Склад,2022-11-03,4,10:00-19:00,Гродненская область,Беларусь,Работает
59,Андреева София,Управляющий,30,Злата — Брест,Маркетинг,2023-12-04,3,12:00-21:00,Брестская область,Беларусь,Работает
60,Иванова Ксения,Консультант,1,SOKOLOV — Минск,Торговый зал,2024-01-05,2,09:00-18:00,Минская область,Беларусь,Уволен
61,Ковалёва Алина,Старший консультант,2,SUNLIGHT — Борисов,Касса,2025-02-06,1,10:00-19:00,Минская область,Беларусь,Работает
62,Козлова Юлия,Кассир,3,585*ЗОЛОТОЙ — Солигорск,Администрация,2026-03-07,0,12:00-21:00,Минская область,Беларусь,Работает
63,Петрова Ирина,Администратор,4,MIUZ Diamonds — Молодечно,Склад,2020-04-08,6,09:00-18:00,Минская область,Беларусь,Работает
64,Новикова Наталья,Менеджер,5,Адамас — Жодино,Маркетинг,2021-05-09,5,10:00-19:00,Минская область,Беларусь,Работает
65,Морозова Татьяна,Управляющий,6,Злата — Слуцк,Торговый зал,2022-06-10,4,12:00-21:00,Минская область,Беларусь,Работает
66,Волкова Вероника,Консультант,7,БелЮвелир — Дзержинск,Касса,2023-07-11,3,09:00-18:00,Минская область,Беларусь,Работает
67,Соколова Валерия,Старший консультант,8,Кристалл — Смолевичи,Администрация,2024-08-12,2,10:00-19:00,Минская область,Беларусь,Работает
68,Лебедева Кристина,Кассир,9,SOKOLOV — Гомель,Склад,2025-09-13,1,12:00-21:00,Гомельская область,Беларусь,Работает
69,Кузнецова Марина,Администратор,10,SUNLIGHT — Мозырь,Маркетинг,2026-10-14,0,09:00-18:00,Гомельская область,Беларусь,Работает
70,Макарова Алеся,Менеджер,11,585*ЗОЛОТОЙ — Жлобин,Торговый зал,2020-11-15,6,10:00-19:00,Гомельская область,Беларусь,Работает
71,Орлова Яна,Управляющий,12,MIUZ Diamonds — Речица,Касса,2021-12-16,5,12:00-21:00,Гомельская область,Беларусь,Работает
72,Зайцева Диана,Консультант,13,Адамас — Светлогорск,Администрация,2022-01-17,4,09:00-18:00,Гомельская область,Беларусь,Работает
73,Богдановича Милана,Старший консультант,14,Злата — Калинковичи,Склад,2023-02-18,3,10:00-19:00,Гомельская область,Беларусь,Работает
74,Ковалевича Ева,Кассир,15,БелЮвелир — Могилёв,Маркетинг,2024-03-19,2,12:00-21:00,Могилёвская область,Беларусь,Работает
75,Лукашенкоа Анастасия,Администратор,16,Кристалл — Бобруйск,Торговый зал,2025-04-20,1,09:00-18:00,Могилёвская область,Беларусь,Уволен
76,Шевченкоа Екатерина,Менеджер,17,SOKOLOV — Осиповичи,Касса,2026-05-21,0,10:00-19:00,Могилёвская область,Беларусь,Работает
77,Ткаченкоа Анна,Управляющий,18,SUNLIGHT — Горки,Администрация,2020-06-22,6,12:00-21:00,Могилёвская область,Беларусь,Работает
78,Мельника Мария,Консультант,19,585*ЗОЛОТОЙ — Кричев,Склад,2021-07-23,5,09:00-18:00,Могилёвская область,Беларусь,Работает
79,Бондарьа Елена,Старший консультант,20,MIUZ Diamonds — Витебск,Маркетинг,2022-08-24,4,10:00-19:00,Витебская область,Беларусь,Работает
80,Кравченкоа Ольга,Кассир,21,Адамас — Орша,Торговый зал,2023-09-25,3,12:00-21:00,Витебская область,Беларусь,Работает
81,Сидоренкоа Виктория,Администратор,22,Злата — Новополоцк,Касса,2024-10-26,2,09:00-18:00,Витебская область,Беларусь,Работает
82,Данилова Дарья,Менеджер,23,БелЮвелир — Полоцк,Администрация,2025-11-27,1,10:00-19:00,Витебская область,Беларусь,Работает
83,Романова Полина,Управляющий,24,Кристалл — Поставы,Склад,2026-12-28,0,12:00-21:00,Витебская область,Беларусь,Работает
84,Никитина София,Консультант,25,SOKOLOV — Гродно,Маркетинг,2020-01-01,6,09:00-18:00,Гродненская область,Беларусь,Работает
85,Григорьева Ксения,Старший консультант,26,SUNLIGHT — Лида,Торговый зал,2021-02-02,5,10:00-19:00,Гродненская область,Беларусь,Работает
86,Фёдорова Алина,Кассир,27,585*ЗОЛОТОЙ — Слоним,Касса,2022-03-03,4,12:00-21:00,Гродненская область,Беларусь,Работает
87,Семёнова Юлия,Администратор,28,MIUZ Diamonds — Волковыск,Администрация,2023-04-04,3,09:00-18:00,Гродненская область,Беларусь,Работает
88,Павлова Ирина,Менеджер,29,Адамас — Новогрудок,Склад,2024-05-05,2,10:00-19:00,Гродненская область,Беларусь,Работает
89,Андреева Наталья,Управляющий,30,Злата — Брест,Маркетинг,2025-06-06,1,12:00-21:00,Брестская область,Беларусь,Работает
90,Иванова Татьяна,Консультант,1,SOKOLOV — Минск,Торговый зал,2026-07-07,0,09:00-18:00,Минская область,Беларусь,Уволен
91,Ковалёва Вероника,Старший консультант,2,SUNLIGHT — Борисов,Касса,2020-08-08,6,10:00-19:00,Минская область,Беларусь,Работает
92,Козлова Валерия,Кассир,3,585*ЗОЛОТОЙ — Солигорск,Администрация,2021-09-09,5,12:00-21:00,Минская область,Беларусь,Работает
93,Петрова Кристина,Администратор,4,MIUZ Diamonds — Молодечно,Склад,2022-10-10,4,09:00-18:00,Минская область,Беларусь,Работает
94,Новикова Марина,Менеджер,5,Адамас — Жодино,Маркетинг,2023-11-11,3,10:00-19:00,Минская область,Беларусь,Работает
95,Морозова Алеся,Управляющий,6,Злата — Слуцк,Торговый зал,2024-12-12,2,12:00-21:00,Минская область,Беларусь,Работает
96,Волкова Яна,Консультант,7,БелЮвелир — Дзержинск,Касса,2025-01-13,1,09:00-18:00,Минская область,Беларусь,Работает
97,Соколова Диана,Старший консультант,8,Кристалл — Смолевичи,Администрация,2026-02-14,0,10:00-19:00,Минская область,Беларусь,Работает
98,Лебедева Милана,Кассир,9,SOKOLOV — Гомель,Склад,2020-03-15,6,12:00-21:00,Гомельская область,Беларусь,Работает
99,Кузнецова Ева,Администратор,10,SUNLIGHT — Мозырь,Маркетинг,2021-04-16,5,09:00-18:00,Гомельская область,Беларусь,Работает
100,Макаров Александр,Менеджер,11,585*ЗОЛОТОЙ — Жлобин,Торговый зал,2022-05-17,4,10:00-19:00,Гомельская область,Беларусь,Работает
101,Орлов Дмитрий,Управляющий,12,MIUZ Diamonds — Речица,Касса,2023-06-18,3,12:00-21:00,Гомельская область,Беларусь,Работает
102,Зайцев Максим,Консультант,13,Адамас — Светлогорск,Администрация,2024-07-19,2,09:00-18:00,Гомельская область,Беларусь,Работает
103,Богданович Андрей,Старший консультант,14,Злата — Калинковичи,Склад,2025-08-20,1,10:00-19:00,Гомельская область,Беларусь,Работает
104,Ковалевич Иван,Кассир,15,БелЮвелир — Могилёв,Маркетинг,2026-09-21,0,12:00-21:00,Могилёвская область,Беларусь,Работает
105,Лукашенко Михаил,Администратор,16,Кристалл — Бобруйск,Торговый зал,2020-10-22,6,09:00-18:00,Могилёвская область,Беларусь,Уволен
106,Шевченко Николай,Менеджер,17,SOKOLOV — Осиповичи,Касса,2021-11-23,5,10:00-19:00,Могилёвская область,Беларусь,Работает
107,Ткаченко Сергей,Управляющий,18,SUNLIGHT — Горки,Администрация,2022-12-24,4,12:00-21:00,Могилёвская область,Беларусь,Работает
108,Мельник Артём,Консультант,19,585*ЗОЛОТОЙ — Кричев,Склад,2023-01-25,3,09:00-18:00,Могилёвская область,Беларусь,Работает
109,Бондарь Роман,Старший консультант,20,MIUZ Diamonds — Витебск,Маркетинг,2024-02-26,2,10:00-19:00,Витебская область,Беларусь,Работает
110,Кравченко Денис,Кассир,21,Адамас — Орша,Торговый зал,2025-03-27,1,12:00-21:00,Витебская область,Беларусь,Работает
111,Сидоренко Евгений,Администратор,22,Злата — Новополоцк,Касса,2026-04-28,0,09:00-18:00,Витебская область,Беларусь,Работает
112,Данилов Виктор,Менеджер,23,БелЮвелир — Полоцк,Администрация,2020-05-01,6,10:00-19:00,Витебская область,Беларусь,Работает
113,Романов Павел,Управляющий,24,Кристалл — Поставы,Склад,2021-06-02,5,12:00-21:00,Витебская область,Беларусь,Работает
114,Никитин Алексей,Консультант,25,SOKOLOV — Гродно,Маркетинг,2022-07-03,4,09:00-18:00,Гродненская область,Беларусь,Работает
115,Григорьев Илья,Старший консультант,26,SUNLIGHT — Лида,Торговый зал,2023-08-04,3,10:00-19:00,Гродненская область,Беларусь,Работает
116,Фёдоров Кирилл,Кассир,27,585*ЗОЛОТОЙ — Слоним,Касса,2024-09-05,2,12:00-21:00,Гродненская область,Беларусь,Работает
117,Семёнов Владислав,Администратор,28,MIUZ Diamonds — Волковыск,Администрация,2025-10-06,1,09:00-18:00,Гродненская область,Беларусь,Работает
118,Павлов Антон,Менеджер,29,Адамас — Новогрудок,Склад,2026-11-07,0,10:00-19:00,Гродненская область,Беларусь,Работает
119,Андреев Олег,Управляющий,30,Злата — Брест,Маркетинг,2020-12-08,6,12:00-21:00,Брестская область,Беларусь,Работает
120,Иванов Пётр,Консультант,1,SOKOLOV — Минск,Торговый зал,2021-01-09,5,09:00-18:00,Минская область,Беларусь,Уволен
121,Ковалёв Ярослав,Старший консультант,2,SUNLIGHT — Борисов,Касса,2022-02-10,4,10:00-19:00,Минская область,Беларусь,Работает
122,Козлов Матвей,Кассир,3,585*ЗОЛОТОЙ — Солигорск,Администрация,2023-03-11,3,12:00-21:00,Минская область,Беларусь,Работает
123,Петров Тимофей,Администратор,4,MIUZ Diamonds — Молодечно,Склад,2024-04-12,2,09:00-18:00,Минская область,Беларусь,Работает
124,Новиков Егор,Менеджер,5,Адамас — Жодино,Маркетинг,2025-05-13,1,10:00-19:00,Минская область,Беларусь,Работает
125,Морозов Александр,Управляющий,6,Злата — Слуцк,Торговый зал,2026-06-14,0,12:00-21:00,Минская область,Беларусь,Работает
126,Волков Дмитрий,Консультант,7,БелЮвелир — Дзержинск,Касса,2020-07-15,6,09:00-18:00,Минская область,Беларусь,Работает
127,Соколов Максим,Старший консультант,8,Кристалл — Смолевичи,Администрация,2021-08-16,5,10:00-19:00,Минская область,Беларусь,Работает
128,Лебедев Андрей,Кассир,9,SOKOLOV — Гомель,Склад,2022-09-17,4,12:00-21:00,Гомельская область,Беларусь,Работает
129,Кузнецов Иван,Администратор,10,SUNLIGHT — Мозырь,Маркетинг,2023-10-18,3,09:00-18:00,Гомельская область,Беларусь,Работает
130,Макаров Михаил,Менеджер,11,585*ЗОЛОТОЙ — Жлобин,Торговый зал,2024-11-19,2,10:00-19:00,Гомельская область,Беларусь,Работает
131,Орлов Николай,Управляющий,12,MIUZ Diamonds — Речица,Касса,2025-12-20,1,12:00-21:00,Гомельская область,Беларусь,Работает
132,Зайцев Сергей,Консультант,13,Адамас — Светлогорск,Администрация,2026-01-21,0,09:00-18:00,Гомельская область,Беларусь,Работает
133,Богданович Артём,Старший консультант,14,Злата — Калинковичи,Склад,2020-02-22,6,10:00-19:00,Гомельская область,Беларусь,Работает
134,Ковалевич Роман,Кассир,15,БелЮвелир — Могилёв,Маркетинг,2021-03-23,5,12:00-21:00,Могилёвская область,Беларусь,Работает
135,Лукашенкоа Ксения,Администратор,16,Кристалл — Бобруйск,Торговый зал,2022-04-24,4,09:00-18:00,Могилёвская область,Беларусь,Уволен
136,Шевченкоа Алина,Менеджер,17,SOKOLOV — Осиповичи,Касса,2023-05-25,3,10:00-19:00,Могилёвская область,Беларусь,Работает
137,Ткаченкоа Юлия,Управляющий,18,SUNLIGHT — Горки,Администрация,2024-06-26,2,12:00-21:00,Могилёвская область,Беларусь,Работает
138,Мельника Ирина,Консультант,19,585*ЗОЛОТОЙ — Кричев,Склад,2025-07-27,1,09:00-18:00,Могилёвская область,Беларусь,Работает
139,Бондарьа Наталья,Старший консультант,20,MIUZ Diamonds — Витебск,Маркетинг,2026-08-28,0,10:00-19:00,Витебская область,Беларусь,Работает
140,Кравченкоа Татьяна,Кассир,21,Адамас — Орша,Торговый зал,2020-09-01,6,12:00-21:00,Витебская область,Беларусь,Работает
141,Сидоренкоа Вероника,Администратор,22,Злата — Новополоцк,Касса,2021-10-02,5,09:00-18:00,Витебская область,Беларусь,Работает
142,Данилова Валерия,Менеджер,23,БелЮвелир — Полоцк,Администрация,2022-11-03,4,10:00-19:00,Витебская область,Беларусь,Работает
143,Романова Кристина,Управляющий,24,Кристалл — Поставы,Склад,2023-12-04,3,12:00-21:00,Витебская область,Беларусь,Работает
144,Никитина Марина,Консультант,25,SOKOLOV — Гродно,Маркетинг,2024-01-05,2,09:00-18:00,Гродненская область,Беларусь,Работает
145,Григорьева Алеся,Старший консультант,26,SUNLIGHT — Лида,Торговый зал,2025-02-06,1,10:00-19:00,Гродненская область,Беларусь,Работает
146,Фёдорова Яна,Кассир,27,585*ЗОЛОТОЙ — Слоним,Касса,2026-03-07,0,12:00-21:00,Гродненская область,Беларусь,Работает
147,Семёнова Диана,Администратор,28,MIUZ Diamonds — Волковыск,Администрация,2020-04-08,6,09:00-18:00,Гродненская область,Беларусь,Работает
148,Павлова Милана,Менеджер,29,Адамас — Новогрудок,Склад,2021-05-09,5,10:00-19:00,Гродненская область,Беларусь,Работает
149,Андреева Ева,Управляющий,30,Злата — Брест,Маркетинг,2022-06-10,4,12:00-21:00,Брестская область,Беларусь,Работает
150,Иванова Анастасия,Консультант,1,SOKOLOV — Минск,Торговый зал,2023-07-11,3,09:00-18:00,Минская область,Беларусь,Уволен
151,Ковалёва Екатерина,Старший консультант,2,SUNLIGHT — Борисов,Касса,2024-08-12,2,10:00-19:00,Минская область,Беларусь,Работает
152,Козлова Анна,Кассир,3,585*ЗОЛОТОЙ — Солигорск,Администрация,2025-09-13,1,12:00-21:00,Минская область,Беларусь,Работает
153,Петрова Мария,Администратор,4,MIUZ Diamonds — Молодечно,Склад,2026-10-14,0,09:00-18:00,Минская область,Беларусь,Работает
154,Новикова Елена,Менеджер,5,Адамас — Жодино,Маркетинг,2020-11-15,6,10:00-19:00,Минская область,Беларусь,Работает
155,Морозова Ольга,Управляющий,6,Злата — Слуцк,Торговый зал,2021-12-16,5,12:00-21:00,Минская область,Беларусь,Работает
156,Волкова Виктория,Консультант,7,БелЮвелир — Дзержинск,Касса,2022-01-17,4,09:00-18:00,Минская область,Беларусь,Работает
157,Соколова Дарья,Старший консультант,8,Кристалл — Смолевичи,Администрация,2023-02-18,3,10:00-19:00,Минская область,Беларусь,Работает
158,Лебедева Полина,Кассир,9,SOKOLOV — Гомель,Склад,2024-03-19,2,12:00-21:00,Гомельская область,Беларусь,Работает
159,Кузнецова София,Администратор,10,SUNLIGHT — Мозырь,Маркетинг,2025-04-20,1,09:00-18:00,Гомельская область,Беларусь,Работает
160,Макарова Ксения,Менеджер,11,585*ЗОЛОТОЙ — Жлобин,Торговый зал,2026-05-21,0,10:00-19:00,Гомельская область,Беларусь,Работает
161,Орлова Алина,Управляющий,12,MIUZ Diamonds — Речица,Касса,2020-06-22,6,12:00-21:00,Гомельская область,Беларусь,Работает
162,Зайцева Юлия,Консультант,13,Адамас — Светлогорск,Администрация,2021-07-23,5,09:00-18:00,Гомельская область,Беларусь,Работает
163,Богдановича Ирина,Старший консультант,14,Злата — Калинковичи,Склад,2022-08-24,4,10:00-19:00,Гомельская область,Беларусь,Работает
164,Ковалевича Наталья,Кассир,15,БелЮвелир — Могилёв,Маркетинг,2023-09-25,3,12:00-21:00,Могилёвская область,Беларусь,Работает
165,Лукашенкоа Татьяна,Администратор,16,Кристалл — Бобруйск,Торговый зал,2024-10-26,2,09:00-18:00,Могилёвская область,Беларусь,Уволен
166,Шевченкоа Вероника,Менеджер,17,SOKOLOV — Осиповичи,Касса,2025-11-27,1,10:00-19:00,Могилёвская область,Беларусь,Работает
167,Ткаченкоа Валерия,Управляющий,18,SUNLIGHT — Горки,Администрация,2026-12-28,0,12:00-21:00,Могилёвская область,Беларусь,Работает
168,Мельника Кристина,Консультант,19,585*ЗОЛОТОЙ — Кричев,Склад,2020-01-01,6,09:00-18:00,Могилёвская область,Беларусь,Работает
169,Бондарьа Марина,Старший консультант,20,MIUZ Diamonds — Витебск,Маркетинг,2021-02-02,5,10:00-19:00,Витебская область,Беларусь,Работает
170,Кравченкоа Алеся,Кассир,21,Адамас — Орша,Торговый зал,2022-03-03,4,12:00-21:00,Витебская область,Беларусь,Работает
171,Сидоренкоа Яна,Администратор,22,Злата — Новополоцк,Касса,2023-04-04,3,09:00-18:00,Витебская область,Беларусь,Работает
172,Данилова Диана,Менеджер,23,БелЮвелир — Полоцк,Администрация,2024-05-05,2,10:00-19:00,Витебская область,Беларусь,Работает
173,Романова Милана,Управляющий,24,Кристалл — Поставы,Склад,2025-06-06,1,12:00-21:00,Витебская область,Беларусь,Работает
174,Никитина Ева,Консультант,25,SOKOLOV — Гродно,Маркетинг,2026-07-07,0,09:00-18:00,Гродненская область,Беларусь,Работает
175,Григорьева Анастасия,Старший консультант,26,SUNLIGHT — Лида,Торговый зал,2020-08-08,6,10:00-19:00,Гродненская область,Беларусь,Работает
176,Фёдорова Екатерина,Кассир,27,585*ЗОЛОТОЙ — Слоним,Касса,2021-09-09,5,12:00-21:00,Гродненская область,Беларусь,Работает
177,Семёнова Анна,Администратор,28,MIUZ Diamonds — Волковыск,Администрация,2022-10-10,4,09:00-18:00,Гродненская область,Беларусь,Работает
178,Павлова Мария,Менеджер,29,Адамас — Новогрудок,Склад,2023-11-11,3,10:00-19:00,Гродненская область,Беларусь,Работает
179,Андреева Елена,Управляющий,30,Злата — Брест,Маркетинг,2024-12-12,2,12:00-21:00,Брестская область,Беларусь,Работает
180,Иванова Ольга,Консультант,1,SOKOLOV — Минск,Торговый зал,2025-01-13,1,09:00-18:00,Минская область,Беларусь,Уволен
181,Ковалёва Виктория,Старший консультант,2,SUNLIGHT — Борисов,Касса,2026-02-14,0,10:00-19:00,Минская область,Беларусь,Работает
182,Козлова Дарья,Кассир,3,585*ЗОЛОТОЙ — Солигорск,Администрация,2020-03-15,6,12:00-21:00,Минская область,Беларусь,Работает
183,Петрова Полина,Администратор,4,MIUZ Diamonds — Молодечно,Склад,2021-04-16,5,09:00-18:00,Минская область,Беларусь,Работает
184,Новикова София,Менеджер,5,Адамас — Жодино,Маркетинг,2022-05-17,4,10:00-19:00,Минская область,Беларусь,Работает
185,Морозова Ксения,Управляющий,6,Злата — Слуцк,Торговый зал,2023-06-18,3,12:00-21:00,Минская область,Беларусь,Работает
186,Волкова Алина,Консультант,7,БелЮвелир — Дзержинск,Касса,2024-07-19,2,09:00-18:00,Минская область,Беларусь,Работает
187,Соколова Юлия,Старший консультант,8,Кристалл — Смолевичи,Администрация,2025-08-20,1,10:00-19:00,Минская область,Беларусь,Работает
188,Лебедева Ирина,Кассир,9,SOKOLOV — Гомель,Склад,2026-09-21,0,12:00-21:00,Гомельская область,Беларусь,Работает
189,Кузнецова Наталья,Администратор,10,SUNLIGHT — Мозырь,Маркетинг,2020-10-22,6,09:00-18:00,Гомельская область,Беларусь,Работает
190,Макарова Татьяна,Менеджер,11,585*ЗОЛОТОЙ — Жлобин,Торговый зал,2021-11-23,5,10:00-19:00,Гомельская область,Беларусь,Работает
191,Орлова Вероника,Управляющий,12,MIUZ Diamonds — Речица,Касса,2022-12-24,4,12:00-21:00,Гомельская область,Беларусь,Работает
192,Зайцева Валерия,Консультант,13,Адамас — Светлогорск,Администрация,2023-01-25,3,09:00-18:00,Гомельская область,Беларусь,Работает
193,Богдановича Кристина,Старший консультант,14,Злата — Калинковичи,Склад,2024-02-26,2,10:00-19:00,Гомельская область,Беларусь,Работает
194,Ковалевича Марина,Кассир,15,БелЮвелир — Могилёв,Маркетинг,2025-03-27,1,12:00-21:00,Могилёвская область,Беларусь,Работает
195,Лукашенкоа Алеся,Администратор,16,Кристалл — Бобруйск,Торговый зал,2026-04-28,0,09:00-18:00,Могилёвская область,Беларусь,Уволен
196,Шевченкоа Яна,Менеджер,17,SOKOLOV — Осиповичи,Касса,2020-05-01,6,10:00-19:00,Могилёвская область,Беларусь,Работает
197,Ткаченкоа Диана,Управляющий,18,SUNLIGHT — Горки,Администрация,2021-06-02,5,12:00-21:00,Могилёвская область,Беларусь,Работает
198,Мельника Милана,Консультант,19,585*ЗОЛОТОЙ — Кричев,Склад,2022-07-03,4,09:00-18:00,Могилёвская область,Беларусь,Работает
199,Бондарьа Ева,Старший консультант,20,MIUZ Diamonds — Витебск,Маркетинг,2023-08-04,3,10:00-19:00,Витебская область,Беларусь,Работает
200,Кравченко Александр,Кассир,21,Адамас — Орша,Торговый зал,2024-09-05,2,12:00-21:00,Витебская область,Беларусь,Работает
201,Сидоренко Дмитрий,Администратор,22,Злата — Новополоцк,Касса,2025-10-06,1,09:00-18:00,Витебская область,Беларусь,Работает
202,Данилов Максим,Менеджер,23,БелЮвелир — Полоцк,Администрация,2026-11-07,0,10:00-19:00,Витебская область,Беларусь,Работает
203,Романов Андрей,Управляющий,24,Кристалл — Поставы,Склад,2020-12-08,6,12:00-21:00,Витебская область,Беларусь,Работает
204,Никитин Иван,Консультант,25,SOKOLOV — Гродно,Маркетинг,2021-01-09,5,09:00-18:00,Гродненская область,Беларусь,Работает
205,Григорьев Михаил,Старший консультант,26,SUNLIGHT — Лида,Торговый зал,2022-02-10,4,10:00-19:00,Гродненская область,Беларусь,Работает
206,Фёдоров Николай,Кассир,27,585*ЗОЛОТОЙ — Слоним,Касса,2023-03-11,3,12:00-21:00,Гродненская область,Беларусь,Работает
207,Семёнов Сергей,Администратор,28,MIUZ Diamonds — Волковыск,Администрация,2024-04-12,2,09:00-18:00,Гродненская область,Беларусь,Работает
208,Павлов Артём,Менеджер,29,Адамас — Новогрудок,Склад,2025-05-13,1,10:00-19:00,Гродненская область,Беларусь,Работает
209,Андреев Роман,Управляющий,30,Злата — Брест,Маркетинг,2026-06-14,0,12:00-21:00,Брестская область,Беларусь,Работает
210,Иванов Денис,Консультант,1,SOKOLOV — Минск,Торговый зал,2020-07-15,6,09:00-18:00,Минская область,Беларусь,Уволен
211,Ковалёв Евгений,Старший консультант,2,SUNLIGHT — Борисов,Касса,2021-08-16,5,10:00-19:00,Минская область,Беларусь,Работает
212,Козлов Виктор,Кассир,3,585*ЗОЛОТОЙ — Солигорск,Администрация,2022-09-17,4,12:00-21:00,Минская область,Беларусь,Работает
213,Петров Павел,Администратор,4,MIUZ Diamonds — Молодечно,Склад,2023-10-18,3,09:00-18:00,Минская область,Беларусь,Работает
214,Новиков Алексей,Менеджер,5,Адамас — Жодино,Маркетинг,2024-11-19,2,10:00-19:00,Минская область,Беларусь,Работает
215,Морозов Илья,Управляющий,6,Злата — Слуцк,Торговый зал,2025-12-20,1,12:00-21:00,Минская область,Беларусь,Работает
216,Волков Кирилл,Консультант,7,БелЮвелир — Дзержинск,Касса,2026-01-21,0,09:00-18:00,Минская область,Беларусь,Работает
217,Соколов Владислав,Старший консультант,8,Кристалл — Смолевичи,Администрация,2020-02-22,6,10:00-19:00,Минская область,Беларусь,Работает
218,Лебедев Антон,Кассир,9,SOKOLOV — Гомель,Склад,2021-03-23,5,12:00-21:00,Гомельская область,Беларусь,Работает
219,Кузнецов Олег,Администратор,10,SUNLIGHT — Мозырь,Маркетинг,2022-04-24,4,09:00-18:00,Гомельская область,Беларусь,Работает
220,Макаров Пётр,Менеджер,11,585*ЗОЛОТОЙ — Жлобин,Торговый зал,2023-05-25,3,10:00-19:00,Гомельская область,Беларусь,Работает
221,Орлов Ярослав,Управляющий,12,MIUZ Diamonds — Речица,Касса,2024-06-26,2,12:00-21:00,Гомельская область,Беларусь,Работает
222,Зайцев Матвей,Консультант,13,Адамас — Светлогорск,Администрация,2025-07-27,1,09:00-18:00,Гомельская область,Беларусь,Работает
223,Богданович Тимофей,Старший консультант,14,Злата — Калинковичи,Склад,2026-08-28,0,10:00-19:00,Гомельская область,Беларусь,Работает
224,Ковалевич Егор,Кассир,15,БелЮвелир — Могилёв,Маркетинг,2020-09-01,6,12:00-21:00,Могилёвская область,Беларусь,Работает
225,Лукашенко Александр,Администратор,16,Кристалл — Бобруйск,Торговый зал,2021-10-02,5,09:00-18:00,Могилёвская область,Беларусь,Уволен
226,Шевченко Дмитрий,Менеджер,17,SOKOLOV — Осиповичи,Касса,2022-11-03,4,10:00-19:00,Могилёвская область,Беларусь,Работает
227,Ткаченко Максим,Управляющий,18,SUNLIGHT — Горки,Администрация,2023-12-04,3,12:00-21:00,Могилёвская область,Беларусь,Работает
228,Мельник Андрей,Консультант,19,585*ЗОЛОТОЙ — Кричев,Склад,2024-01-05,2,09:00-18:00,Могилёвская область,Беларусь,Работает
229,Бондарь Иван,Старший консультант,20,MIUZ Diamonds — Витебск,Маркетинг,2025-02-06,1,10:00-19:00,Витебская область,Беларусь,Работает
230,Кравченко Михаил,Кассир,21,Адамас — Орша,Торговый зал,2026-03-07,0,12:00-21:00,Витебская область,Беларусь,Работает
231,Сидоренко Николай,Администратор,22,Злата — Новополоцк,Касса,2020-04-08,6,09:00-18:00,Витебская область,Беларусь,Работает
232,Данилов Сергей,Менеджер,23,БелЮвелир — Полоцк,Администрация,2021-05-09,5,10:00-19:00,Витебская область,Беларусь,Работает
233,Романов Артём,Управляющий,24,Кристалл — Поставы,Склад,2022-06-10,4,12:00-21:00,Витебская область,Беларусь,Работает
234,Никитин Роман,Консультант,25,SOKOLOV — Гродно,Маркетинг,2023-07-11,3,09:00-18:00,Гродненская область,Беларусь,Работает
235,Григорьева Ксения,Старший консультант,26,SUNLIGHT — Лида,Торговый зал,2024-08-12,2,10:00-19:00,Гродненская область,Беларусь,Работает
236,Фёдорова Алина,Кассир,27,585*ЗОЛОТОЙ — Слоним,Касса,2025-09-13,1,12:00-21:00,Гродненская область,Беларусь,Работает
237,Семёнова Юлия,Администратор,28,MIUZ Diamonds — Волковыск,Администрация,2026-10-14,0,09:00-18:00,Гродненская область,Беларусь,Работает
238,Павлова Ирина,Менеджер,29,Адамас — Новогрудок,Склад,2020-11-15,6,10:00-19:00,Гродненская область,Беларусь,Работает
239,Андреева Наталья,Управляющий,30,Злата — Брест,Маркетинг,2021-12-16,5,12:00-21:00,Брестская область,Беларусь,Работает
240,Иванова Татьяна,Консультант,1,SOKOLOV — Минск,Торговый зал,2022-01-17,4,09:00-18:00,Минская область,Беларусь,Уволен
241,Ковалёва Вероника,Старший консультант,2,SUNLIGHT — Борисов,Касса,2023-02-18,3,10:00-19:00,Минская область,Беларусь,Работает
242,Козлова Валерия,Кассир,3,585*ЗОЛОТОЙ — Солигорск,Администрация,2024-03-19,2,12:00-21:00,Минская область,Беларусь,Работает
243,Петрова Кристина,Администратор,4,MIUZ Diamonds — Молодечно,Склад,2025-04-20,1,09:00-18:00,Минская область,Беларусь,Работает
244,Новикова Марина,Менеджер,5,Адамас — Жодино,Маркетинг,2026-05-21,0,10:00-19:00,Минская область,Беларусь,Работает
245,Морозова Алеся,Управляющий,6,Злата — Слуцк,Торговый зал,2020-06-22,6,12:00-21:00,Минская область,Беларусь,Работает
246,Волкова Яна,Консультант,7,БелЮвелир — Дзержинск,Касса,2021-07-23,5,09:00-18:00,Минская область,Беларусь,Работает
247,Соколова Диана,Старший консультант,8,Кристалл — Смолевичи,Администрация,2022-08-24,4,10:00-19:00,Минская область,Беларусь,Работает
248,Лебедева Милана,Кассир,9,SOKOLOV — Гомель,Склад,2023-09-25,3,12:00-21:00,Гомельская область,Беларусь,Работает
249,Кузнецова Ева,Администратор,10,SUNLIGHT — Мозырь,Маркетинг,2024-10-26,2,09:00-18:00,Гомельская область,Беларусь,Работает
250,Макарова Анастасия,Менеджер,11,585*ЗОЛОТОЙ — Жлобин,Торговый зал,2025-11-27,1,10:00-19:00,Гомельская область,Беларусь,Работает
251,Орлова Екатерина,Управляющий,12,MIUZ Diamonds — Речица,Касса,2026-12-28,0,12:00-21:00,Гомельская область,Беларусь,Работает
252,Зайцева Анна,Консультант,13,Адамас — Светлогорск,Администрация,2020-01-01,6,09:00-18:00,Гомельская область,Беларусь,Работает
253,Богдановича Мария,Старший консультант,14,Злата — Калинковичи,Склад,2021-02-02,5,10:00-19:00,Гомельская область,Беларусь,Работает
254,Ковалевича Елена,Кассир,15,БелЮвелир — Могилёв,Маркетинг,2022-03-03,4,12:00-21:00,Могилёвская область,Беларусь,Работает
255,Лукашенкоа Ольга,Администратор,16,Кристалл — Бобруйск,Торговый зал,2023-04-04,3,09:00-18:00,Могилёвская область,Беларусь,Уволен
256,Шевченкоа Виктория,Менеджер,17,SOKOLOV — Осиповичи,Касса,2024-05-05,2,10:00-19:00,Могилёвская область,Беларусь,Работает
257,Ткаченкоа Дарья,Управляющий,18,SUNLIGHT — Горки,Администрация,2025-06-06,1,12:00-21:00,Могилёвская область,Беларусь,Работает
258,Мельника Полина,Консультант,19,585*ЗОЛОТОЙ — Кричев,Склад,2026-07-07,0,09:00-18:00,Могилёвская область,Беларусь,Работает
259,Бондарьа София,Старший консультант,20,MIUZ Diamonds — Витебск,Маркетинг,2020-08-08,6,10:00-19:00,Витебская область,Беларусь,Работает
260,Кравченкоа Ксения,Кассир,21,Адамас — Орша,Торговый зал,2021-09-09,5,12:00-21:00,Витебская область,Беларусь,Работает
261,Сидоренкоа Алина,Администратор,22,Злата — Новополоцк,Касса,2022-10-10,4,09:00-18:00,Витебская область,Беларусь,Работает
262,Данилова Юлия,Менеджер,23,БелЮвелир — Полоцк,Администрация,2023-11-11,3,10:00-19:00,Витебская область,Беларусь,Работает
263,Романова Ирина,Управляющий,24,Кристалл — Поставы,Склад,2024-12-12,2,12:00-21:00,Витебская область,Беларусь,Работает
264,Никитина Наталья,Консультант,25,SOKOLOV — Гродно,Маркетинг,2025-01-13,1,09:00-18:00,Гродненская область,Беларусь,Работает
265,Григорьева Татьяна,Старший консультант,26,SUNLIGHT — Лида,Торговый зал,2026-02-14,0,10:00-19:00,Гродненская область,Беларусь,Работает
266,Фёдорова Вероника,Кассир,27,585*ЗОЛОТОЙ — Слоним,Касса,2020-03-15,6,12:00-21:00,Гродненская область,Беларусь,Работает
267,Семёнова Валерия,Администратор,28,MIUZ Diamonds — Волковыск,Администрация,2021-04-16,5,09:00-18:00,Гродненская область,Беларусь,Работает
268,Павлова Кристина,Менеджер,29,Адамас — Новогрудок,Склад,2022-05-17,4,10:00-19:00,Гродненская область,Беларусь,Работает
269,Андреева Марина,Управляющий,30,Злата — Брест,Маркетинг,2023-06-18,3,12:00-21:00,Брестская область,Беларусь,Работает
270,Иванова Алеся,Консультант,1,SOKOLOV — Минск,Торговый зал,2024-07-19,2,09:00-18:00,Минская область,Беларусь,Уволен
271,Ковалёва Яна,Старший консультант,2,SUNLIGHT — Борисов,Касса,2025-08-20,1,10:00-19:00,Минская область,Беларусь,Работает
272,Козлова Диана,Кассир,3,585*ЗОЛОТОЙ — Солигорск,Администрация,2026-09-21,0,12:00-21:00,Минская область,Беларусь,Работает
273,Петрова Милана,Администратор,4,MIUZ Diamonds — Молодечно,Склад,2020-10-22,6,09:00-18:00,Минская область,Беларусь,Работает
274,Новикова Ева,Менеджер,5,Адамас — Жодино,Маркетинг,2021-11-23,5,10:00-19:00,Минская область,Беларусь,Работает
275,Морозова Анастасия,Управляющий,6,Злата — Слуцк,Торговый зал,2022-12-24,4,12:00-21:00,Минская область,Беларусь,Работает
276,Волкова Екатерина,Консультант,7,БелЮвелир — Дзержинск,Касса,2023-01-25,3,09:00-18:00,Минская область,Беларусь,Работает
277,Соколова Анна,Старший консультант,8,Кристалл — Смолевичи,Администрация,2024-02-26,2,10:00-19:00,Минская область,Беларусь,Работает
278,Лебедева Мария,Кассир,9,SOKOLOV — Гомель,Склад,2025-03-27,1,12:00-21:00,Гомельская область,Беларусь,Работает
279,Кузнецова Елена,Администратор,10,SUNLIGHT — Мозырь,Маркетинг,2026-04-28,0,09:00-18:00,Гомельская область,Беларусь,Работает
280,Макарова Ольга,Менеджер,11,585*ЗОЛОТОЙ — Жлобин,Торговый зал,2020-05-01,6,10:00-19:00,Гомельская область,Беларусь,Работает
281,Орлова Виктория,Управляющий,12,MIUZ Diamonds — Речица,Касса,2021-06-02,5,12:00-21:00,Гомельская область,Беларусь,Работает
282,Зайцева Дарья,Консультант,13,Адамас — Светлогорск,Администрация,2022-07-03,4,09:00-18:00,Гомельская область,Беларусь,Работает
283,Богдановича Полина,Старший консультант,14,Злата — Калинковичи,Склад,2023-08-04,3,10:00-19:00,Гомельская область,Беларусь,Работает
284,Ковалевича София,Кассир,15,БелЮвелир — Могилёв,Маркетинг,2024-09-05,2,12:00-21:00,Могилёвская область,Беларусь,Работает
285,Лукашенкоа Ксения,Администратор,16,Кристалл — Бобруйск,Торговый зал,2025-10-06,1,09:00-18:00,Могилёвская область,Беларусь,Уволен
286,Шевченкоа Алина,Менеджер,17,SOKOLOV — Осиповичи,Касса,2026-11-07,0,10:00-19:00,Могилёвская область,Беларусь,Работает
287,Ткаченкоа Юлия,Управляющий,18,SUNLIGHT — Горки,Администрация,2020-12-08,6,12:00-21:00,Могилёвская область,Беларусь,Работает
288,Мельника Ирина,Консультант,19,585*ЗОЛОТОЙ — Кричев,Склад,2021-01-09,5,09:00-18:00,Могилёвская область,Беларусь,Работает
289,Бондарьа Наталья,Старший консультант,20,MIUZ Diamonds — Витебск,Маркетинг,2022-02-10,4,10:00-19:00,Витебская область,Беларусь,Работает
290,Кравченкоа Татьяна,Кассир,21,Адамас — Орша,Торговый зал,2023-03-11,3,12:00-21:00,Витебская область,Беларусь,Работает
291,Сидоренкоа Вероника,Администратор,22,Злата — Новополоцк,Касса,2024-04-12,2,09:00-18:00,Витебская область,Беларусь,Работает
292,Данилова Валерия,Менеджер,23,БелЮвелир — Полоцк,Администрация,2025-05-13,1,10:00-19:00,Витебская область,Беларусь,Работает
293,Романова Кристина,Управляющий,24,Кристалл — Поставы,Склад,2026-06-14,0,12:00-21:00,Витебская область,Беларусь,Работает
294,Никитина Марина,Консультант,25,SOKOLOV — Гродно,Маркетинг,2020-07-15,6,09:00-18:00,Гродненская область,Беларусь,Работает
295,Григорьева Алеся,Старший консультант,26,SUNLIGHT — Лида,Торговый зал,2021-08-16,5,10:00-19:00,Гродненская область,Беларусь,Работает
296,Фёдорова Яна,Кассир,27,585*ЗОЛОТОЙ — Слоним,Касса,2022-09-17,4,12:00-21:00,Гродненская область,Беларусь,Работает
297,Семёнова Диана,Администратор,28,MIUZ Diamonds — Волковыск,Администрация,2023-10-18,3,09:00-18:00,Гродненская область,Беларусь,Работает
298,Павлова Милана,Менеджер,29,Адамас — Новогрудок,Склад,2024-11-19,2,10:00-19:00,Гродненская область,Беларусь,Работает
299,Андреева Ева,Управляющий,30,Злата — Брест,Маркетинг,2025-12-20,1,12:00-21:00,Брестская область,Беларусь,Работает
300,Иванов Александр,Консультант,1,SOKOLOV — Минск,Торговый зал,2026-01-21,0,09:00-18:00,Минская область,Беларусь,Уволен
