store_id,store_name,network,city,region,country,address,store_format,area_m2,opening_date,logistics_center,warehouse_id,employees_count,consultants_count,manager_name,working_hours,status
1,SOKOLOV — Минск,SOKOLOV,Минск,Минская область,Беларусь,"ул. Торговая, 1",Фирменный магазин,60,2020-01-01,ЛЦ-1,1,6,4,Руководитель 1,10:00-21:00,Работает
2,SUNLIGHT — Борисов,SUNLIGHT,Борисов,Минская область,Беларусь,"ул. Торговая, 2",Бутик,67,2021-02-02,ЛЦ-2,2,7,5,Руководитель 2,10:00-21:00,Работает
3,585*ЗОЛОТОЙ — Солигорск,585*ЗОЛОТОЙ,Солигорск,Минская область,Беларусь,"ул. Торговая, 3",Магазин в ТЦ,74,2022-03-03,ЛЦ-3,3,8,6,Руководитель 3,10:00-21:00,Работает
4,MIUZ Diamonds — Молодечно,MIUZ Diamonds,Молодечно,Минская область,Беларусь,"ул. Торговая, 4",Фирменный магазин,81,2023-04-04,ЛЦ-4,4,9,7,Руководитель 4,10:00-21:00,Работает
5,Адамас — Жодино,Адамас,Жодино,Минская область,Беларусь,"ул. Торговая, 5",Бутик,88,2024-05-05,ЛЦ-5,5,10,8,Руководитель 5,10:00-21:00,Работает
6,Злата — Слуцк,Злата,Слуцк,Минская область,Беларусь,"ул. Торговая, 6",Магазин в ТЦ,95,2025-06-06,ЛЦ-6,6,11,9,Руководитель 6,10:00-21:00,Работает
7,БелЮвелир — Дзержинск,БелЮвелир,Дзержинск,Минская область,Беларусь,"ул. Торговая, 7",Фирменный магазин,102,2020-07-07,ЛЦ-1,1,12,10,Руководитель 7,10:00-21:00,Работает
8,Кристалл — Смолевичи,Кристалл,Смолевичи,Минская область,Беларусь,"ул. Торговая, 8",Бутик,109,2021-08-08,ЛЦ-2,2,13,11,Руководитель 8,10:00-21:00,Работает
9,SOKOLOV — Гомель,SOKOLOV,Гомель,Гомельская область,Беларусь,"ул. Торговая, 9",Магазин в ТЦ,116,2022-09-09,ЛЦ-3,3,14,12,Руководитель 9,10:00-21:00,Работает
10,SUNLIGHT — Мозырь,SUNLIGHT,Мозырь,Гомельская область,Беларусь,"ул. Торговая, 10",Фирменный магазин,123,2023-10-10,ЛЦ-4,4,15,13,Руководитель 10,10:00-21:00,Работает
11,585*ЗОЛОТОЙ — Жлобин,585*ЗОЛОТОЙ,Жлобин,Гомельская область,Беларусь,"ул. Торговая, 11",Бутик,130,2024-11-11,ЛЦ-5,5,16,14,Руководитель 11,10:00-21:00,Работает
12,MIUZ Diamonds — Речица,MIUZ Diamonds,Речица,Гомельская область,Беларусь,"ул. Торговая, 12",Магазин в ТЦ,137,2025-12-12,ЛЦ-6,6,17,15,Руководитель 12,10:00-21:00,Работает
13,Адамас — Светлогорск,Адамас,Светлогорск,Гомельская область,Беларусь,"ул. Торговая, 13",Фирменный магазин,144,2020-01-13,ЛЦ-1,1,18,4,Руководитель 13,10:00-21:00,Работает
14,Злата — Калинковичи,Злата,Калинковичи,Гомельская область,Беларусь,"ул. Торговая, 14",Бутик,151,2021-02-14,ЛЦ-2,2,19,5,Руководитель 14,10:00-21:00,Работает
15,БелЮвелир — Могилёв,БелЮвелир,Могилёв,Могилёвская область,Беларусь,"ул. Торговая, 15",Магазин в ТЦ,158,2022-03-15,ЛЦ-3,3,20,6,Руководитель 15,10:00-21:00,Работает
16,Кристалл — Бобруйск,Кристалл,Бобруйск,Могилёвская область,Беларусь,"ул. Торговая, 16",Фирменный магазин,165,2023-04-16,ЛЦ-4,4,21,7,Руководитель 16,10:00-21:00,Работает
17,SOKOLOV — Осиповичи,SOKOLOV,Осиповичи,Могилёвская область,Беларусь,"ул. Торговая, 17",Бутик,172,2024-05-17,ЛЦ-5,5,22,8,Руководитель 17,10:00-21:00,Работает
18,SUNLIGHT — Горки,SUNLIGHT,Горки,Могилёвская область,Беларусь,"ул. Торговая, 18",Магазин в ТЦ,179,2025-06-18,ЛЦ-6,6,23,9,Руководитель 18,10:00-21:00,Работает
19,585*ЗОЛОТОЙ — Кричев,585*ЗОЛОТОЙ,Кричев,Могилёвская область,Беларусь,"ул. Торговая, 19",Фирменный магазин,186,2020-07-19,ЛЦ-1,1,6,10,Руководитель 19,10:00-21:00,Работает
20,MIUZ Diamonds — Витебск,MIUZ Diamonds,Витебск,Витебская область,Беларусь,"ул. Торговая, 20",Бутик,193,2021-08-20,ЛЦ-2,2,7,11,Руководитель 20,10:00-21:00,Работает
21,Адамас — Орша,Адамас,Орша,Витебская область,Беларусь,"ул. Торговая, 21",Магазин в ТЦ,200,2022-09-21,ЛЦ-3,3,8,12,Руководитель 21,10:00-21:00,Работает
22,Злата — Новополоцк,Злата,Новополоцк,Витебская область,Беларусь,"ул. Торговая, 22",Фирменный магазин,207,2023-10-22,ЛЦ-4,4,9,13,Руководитель 22,10:00-21:00,Работает
23,БелЮвелир — Полоцк,БелЮвелир,Полоцк,Витебская область,Беларусь,"ул. Торговая, 23",Бутик,214,2024-11-23,ЛЦ-5,5,10,14,Руководитель 23,10:00-21:00,Работает
24,Кристалл — Поставы,Кристалл,Поставы,Витебская область,Беларусь,"ул. Торговая, 24",Магазин в ТЦ,221,2025-12-24,ЛЦ-6,6,11,15,Руководитель 24,10:00-21:00,Работает
25,SOKOLOV — Гродно,SOKOLOV,Гродно,Гродненская область,Беларусь,"ул. Торговая, 25",Фирменный магазин,228,2020-01-25,ЛЦ-1,1,12,4,Руководитель 25,10:00-21:00,Работает
26,SUNLIGHT — Лида,SUNLIGHT,Лида,Гродненская область,Беларусь,"ул. Торговая, 26",Бутик,65,2021-02-26,ЛЦ-2,2,13,5,Руководитель 26,10:00-21:00,Работает
27,585*ЗОЛОТОЙ — Слоним,585*ЗОЛОТОЙ,Слоним,Гродненская область,Беларусь,"ул. Торговая, 27",Магазин в ТЦ,72,2022-03-27,ЛЦ-3,3,14,6,Руководитель 27,10:00-21:00,Работает
28,MIUZ Diamonds — Волковыск,MIUZ Diamonds,Волковыск,Гродненская область,Беларусь,"ул. Торговая, 28",Фирменный магазин,79,2023-04-28,ЛЦ-4,4,15,7,Руководитель 28,10:00-21:00,Работает
29,Адамас — Новогрудок,Адамас,Новогрудок,Гродненская область,Беларусь,"ул. Торговая, 29",Бутик,86,2024-05-01,ЛЦ-5,5,16,8,Руководитель 29,10:00-21:00,Работает
30,Злата — Брест,Злата,Брест,Брестская область,Беларусь,"ул. Торговая, 30",Магазин в ТЦ,93,2025-06-02,ЛЦ-6,6,17,9,Руководитель 30,10:00-21:00,Работает
